# source_id	kind	status	crystal_refs	notes
src/dfa/accel.rs::func::add	func	ported	src/regex/automata/accel.cr:Accel#add;src/regex/automata/accel.cr:Accels#add;spec/accel_spec.cr	ported accelerator byte insertion and accelerator collection appends with roundtrip coverage
src/dfa/accel.rs::func::as_bytes	func	ported	src/regex/automata/accel.cr:Accels#as_bytes;spec/accel_spec.cr	ported accelerator collection byte view and serialized-length parity coverage
src/dfa/accel.rs::func::as_ref	func	ported	src/regex/automata/accel.cr:Accels#as_ref;spec/accel_spec.cr	ported borrowed accelerator view compatibility helper
src/dfa/accel.rs::func::empty	func	ported	src/regex/automata/accel.cr:Accel.empty;src/regex/automata/accel.cr:Accels.empty;spec/accel_spec.cr	ported empty accelerator constructors for individual and collection forms
src/dfa/accel.rs::func::from_bytes_unchecked	func	ported	src/regex/automata/accel.cr:Accels.from_bytes_unchecked;spec/accel_spec.cr	ported accelerator collection byte deserializer for the port's native on-wire layout
src/dfa/accel.rs::func::from_slice	func	ported	src/regex/automata/accel.cr:Accel.from_slice;spec/accel_spec.cr	ported accelerator decoding from raw four-byte slices with invalid-length rejection
src/dfa/accel.rs::func::is_empty	func	ported	src/regex/automata/accel.cr:Accel#empty?;spec/accel_spec.cr	ported empty accelerator predicate
src/dfa/accel.rs::func::len	func	ported	src/regex/automata/accel.cr:Accel#len;src/regex/automata/accel.cr:Accels#len;spec/accel_spec.cr	ported accelerator length accessors for single accelerators and collections
src/dfa/accel.rs::func::memory_usage	func	ported	src/regex/automata/accel.cr:Accels#memory_usage;spec/accel_spec.cr	ported accelerator collection memory-usage accessor
src/dfa/accel.rs::func::needles	func	ported	src/regex/automata/accel.cr:Accel#needles;src/regex/automata/accel.cr:Accels#needles;spec/accel_spec.cr	ported accelerator needle accessors and forward/reverse search proof
src/dfa/accel.rs::func::new	func	ported	src/regex/automata/accel.cr:Accel.empty;spec/accel_spec.cr	ported empty accelerator constructor equivalent to upstream build-time `Accel::new`
src/dfa/accel.rs::func::to_owned	func	ported	src/regex/automata/accel.cr:Accels#to_owned;spec/accel_spec.cr	ported owned accelerator collection clone helper
src/dfa/accel.rs::func::validate	func	ported	src/regex/automata/accel.cr:Accels#validate;spec/accel_spec.cr	ported accelerator collection validation over serialized accelerator chunks
src/dfa/accel.rs::func::write_to_len	func	ported	src/regex/automata/accel.cr:Accels#write_to_len;spec/accel_spec.cr	ported accelerator serialized-length helper
src/dfa/accel.rs::method::Accel.new	method	ported	src/regex/automata/accel.cr:Accel.empty;spec/accel_spec.cr	ported empty accelerator constructor compatibility surface
src/dfa/accel.rs::method::Accels.empty	method	ported	src/regex/automata/accel.cr:Accels.empty;spec/accel_spec.cr	ported empty accelerator collection constructor
src/dfa/accel.rs::method::Accels.from_bytes_unchecked	method	ported	src/regex/automata/accel.cr:Accels.from_bytes_unchecked;spec/accel_spec.cr	ported accelerator collection byte deserializer
src/dfa/automaton.rs::enum::StartError	enum	ported	src/regex/automata/automaton.cr:244	Ported as enum with UnsupportedAnchored and Invalid variants
src/dfa/automaton.rs::func::get_match	func	ported	src/regex/automata/search.cr::OverlappingState#get_match;spec/dfa_api_spec.cr	ported overlapping-state match accessor for forward overlap searches
src/dfa/automaton.rs::func::start	func	ported	src/regex/automata/search.cr::OverlappingState.start;spec/dfa_api_spec.cr	ported overlapping-state constructor
src/dfa/automaton.rs::method::OverlappingState.start	method	ported	src/regex/automata/search.cr::OverlappingState.start;spec/dfa_api_spec.cr	ported overlapping-state constructor
src/dfa/automaton.rs::struct::OverlappingState	struct	ported	src/regex/automata/search.cr::OverlappingState;src/regex/automata/automaton.cr;src/regex/automata/dfa.cr;spec/dfa_api_spec.cr	ported forward and reverse stateful overlap along with vendor-style multi-pattern MatchKind::All aggregation helpers
src/dfa/automaton.rs::test::object_safe	test	intentional_divergence	src/regex/automata/automaton.cr	Crystal does not have Rust trait-object safety constraints, so this Rust-only object-safety test has no direct counterpart
src/dfa/dense.rs::func::accelerate	func	ported	src/regex/automata/config.cr:Config.accelerate	auto-generated
src/dfa/dense.rs::func::alphabet_len	func	ported	src/regex/automata/dfa.cr:DFA.alphabet_len;spec/dfa_dense_spec.cr	ported dense alphabet-length metadata accessor over the transition table
src/dfa/dense.rs::func::always_match	func	ported	src/regex/automata/dfa.cr:DFA.always_match;spec/dfa_dense_spec.cr	ported dense always-match constructor and roundtrip parity spec
src/dfa/dense.rs::func::as_ref	func	ported	src/regex/automata/dfa.cr:DFA#as_ref;spec/dfa_dense_spec.cr	ported dense borrowed-view alias on the port's single concrete DFA type
src/dfa/dense.rs::func::build	func	ported	src/regex/automata/dfa.cr:Builder.build;spec/dfa_dense_spec.cr	ported dense builder compile-from-pattern workflow and exercised it through convenience constructor coverage
src/dfa/dense.rs::func::build_from_nfa	func	ported	src/regex/automata/dfa.cr:Builder.from_nfa;src/regex/automata/dfa.cr:Builder.build;spec/dfa_dense_spec.cr	ported dense builder compile-from-prebuilt-NFA workflow
src/dfa/dense.rs::func::builder	func	ported	src/regex/automata/dfa.cr:DFA.builder;spec/dfa_dense_spec.cr	ported dense builder convenience alias and exercised it in the anchored-start convenience spec
src/dfa/dense.rs::func::byte_classes	func	ported	src/regex/automata/config.cr:Config.byte_classes;spec/dfa_dense_spec.cr	ported dense config byte-class setter and exercised default/override parity through compatibility getters
src/dfa/dense.rs::func::config	func	ported	src/regex/automata/dfa.cr:DFA.config	ported dense config convenience alias
src/dfa/dense.rs::func::configure	func	ported	src/regex/automata/dfa.cr:Builder.configure;spec/dfa_dense_spec.cr	ported dense builder configuration cloning workflow and exercised anchored-builder isolation
src/dfa/dense.rs::func::determinize_size_limit	func	ported	src/regex/automata/config.cr:Config.determinize_size_limit;spec/dfa_dense_spec.cr	ported dense config determinize size-limit setter and exercised override parity through compatibility getters
src/dfa/dense.rs::func::dfa_size_limit	func	ported	src/regex/automata/config.cr:Config.dfa_size_limit;spec/dfa_dense_spec.cr	ported dense config DFA size-limit setter and exercised override parity through compatibility getters
src/dfa/dense.rs::func::from_bytes	func	ported	src/regex/automata/dfa.cr:DFA.from_bytes;spec/dfa_dense_spec.cr	ported dense deserialization with endianness detection for little, big, and native wire payloads
src/dfa/dense.rs::func::get_accelerate	func	ported	src/regex/automata/config.cr:Config.get_accelerate;spec/dfa_dense_spec.cr	ported dense config compatibility getter for acceleration defaults and overrides
src/dfa/dense.rs::func::get_byte_classes	func	ported	src/regex/automata/config.cr:Config.get_byte_classes;spec/dfa_dense_spec.cr	ported dense config compatibility getter for byte-class compression defaults and overrides
src/dfa/dense.rs::func::get_determinize_size_limit	func	ported	src/regex/automata/config.cr:Config.get_determinize_size_limit;spec/dfa_dense_spec.cr	ported dense config compatibility getter for determinize size-limit overrides
src/dfa/dense.rs::func::get_dfa_size_limit	func	ported	src/regex/automata/config.cr:Config.get_dfa_size_limit;spec/dfa_dense_spec.cr	ported dense config compatibility getter for DFA size-limit overrides
src/dfa/dense.rs::func::get_match_kind	func	ported	src/regex/automata/config.cr:Config.get_match_kind;spec/dfa_dense_spec.cr	ported dense config compatibility getter for match-kind defaults and overrides
src/dfa/dense.rs::func::get_minimize	func	ported	src/regex/automata/config.cr:Config.get_minimize;spec/dfa_dense_spec.cr	ported dense config compatibility getter for minimization defaults and overrides
src/dfa/dense.rs::func::get_prefilter	func	ported	src/regex/automata/dfa.cr:DFA.get_prefilter	auto-generated
src/dfa/dense.rs::func::get_quit	func	ported	src/regex/automata/config.cr:Config.get_quit;spec/dfa_dense_spec.cr	ported dense config compatibility getter for quit-byte membership
src/dfa/dense.rs::func::get_specialize_start_states	func	ported	src/regex/automata/config.cr:Config.get_specialize_start_states;spec/dfa_dense_spec.cr	ported dense config compatibility getter for start-state specialization defaults and overrides
src/dfa/dense.rs::func::get_starts	func	ported	src/regex/automata/config.cr:Config.get_starts;spec/dfa_dense_spec.cr	ported dense config compatibility getter for start-kind defaults and overrides
src/dfa/dense.rs::func::get_starts_for_each_pattern	func	ported	src/regex/automata/config.cr:Config.get_starts_for_each_pattern;spec/dfa_dense_spec.cr	ported dense config compatibility getter for per-pattern starts defaults and overrides
src/dfa/dense.rs::func::get_unicode_word_boundary	func	ported	src/regex/automata/config.cr:Config.get_unicode_word_boundary;spec/dfa_dense_spec.cr	ported dense config compatibility getter for Unicode word-boundary heuristics
src/dfa/dense.rs::func::is_size_limit_exceeded	func	ported	src/regex/automata/errors.cr:BuildError#is_size_limit_exceeded;spec/dfa_dense_spec.cr	ported dense size-limit failure predicate through BuildError
src/dfa/dense.rs::func::match_kind	func	ported	src/regex/automata/config.cr:Config.match_kind;spec/dfa_dense_spec.cr	ported dense config match-kind setter and exercised default/override parity through compatibility getters
src/dfa/dense.rs::func::memory_usage	func	ported	src/regex/automata/dfa.cr:DFA.memory_usage;spec/dfa_dense_spec.cr	ported dense memory-usage metadata accessor using the current serialized representation size
src/dfa/dense.rs::func::minimize	func	ported	src/regex/automata/config.cr:Config.minimize;spec/dfa_dense_spec.cr	ported dense config minimization setter and exercised default/override parity through compatibility getters
src/dfa/dense.rs::func::never_match	func	ported	src/regex/automata/dfa.cr:DFA.never_match;spec/dfa_dense_spec.cr	ported dense never-match constructor and roundtrip parity spec
src/dfa/dense.rs::func::new	func	ported	src/regex/automata/dfa.cr:DFA.new;src/regex/automata/dfa.cr:DFA.new_many;spec/dfa_dense_spec.cr	ported dense convenience constructors for single and multi-pattern builds
src/dfa/dense.rs::func::prefilter	func	ported	src/regex/automata/config.cr:Config#prefilter;src/regex/automata/config.cr:Config#get_prefilter;spec/dfa_dense_spec.cr	ported dense prefilter attachment surface using the port's placeholder prefilter type
src/dfa/dense.rs::func::quit	func	ported	src/regex/automata/config.cr:Config.quit	auto-generated
src/dfa/dense.rs::func::set_prefilter	func	ported	src/regex/automata/dfa.cr:DFA#set_prefilter;spec/dfa_dense_spec.cr	ported dense prefilter mutator and flag tracking
src/dfa/dense.rs::func::specialize_start_states	func	ported	src/regex/automata/config.cr:Config.specialize_start_states;spec/dfa_dense_spec.cr	ported dense config start-state specialization setter and exercised default/override parity through compatibility getters
src/dfa/dense.rs::func::start_kind	func	ported	src/regex/automata/config.cr:Config.start_kind;spec/dfa_dense_spec.cr	ported dense config start-kind setter and exercised default/override parity through compatibility getters
src/dfa/dense.rs::func::starts_for_each_pattern	func	ported	src/regex/automata/config.cr:Config.starts_for_each_pattern;spec/dfa_dense_spec.cr	ported dense config per-pattern start-state setter and exercised default/override parity through compatibility getters
src/dfa/dense.rs::func::stride	func	ported	src/regex/automata/dfa.cr:DFA.stride;spec/dfa_dense_spec.cr	ported dense stride metadata accessor derived from the transition table stride exponent
src/dfa/dense.rs::func::stride2	func	ported	src/regex/automata/dfa.cr:DFA.stride2;spec/dfa_dense_spec.cr	ported dense stride exponent metadata accessor over premultiplied state IDs
src/dfa/dense.rs::func::syntax	func	ported	src/regex/automata/dfa.cr:Builder#syntax;spec/dfa_dense_spec.cr	ported dense builder syntax-configuration hook using regex-syntax parser builder settings
src/dfa/dense.rs::func::thompson	func	ported	src/regex/automata/dfa.cr:Builder.thompson;spec/dfa_dense_spec.cr	ported dense builder Thompson-compiler configuration workflow and exercised reverse-search construction
src/dfa/dense.rs::func::to_bytes_big_endian	func	ported	src/regex/automata/dfa.cr:DFA.to_bytes_big_endian;spec/dfa_dense_spec.cr	ported dense big-endian serialization roundtrip coverage
src/dfa/dense.rs::func::to_bytes_little_endian	func	ported	src/regex/automata/dfa.cr:DFA.to_bytes_little_endian;spec/dfa_dense_spec.cr	ported dense little-endian serialization roundtrip coverage
src/dfa/dense.rs::func::to_bytes_native_endian	func	ported	src/regex/automata/dfa.cr:DFA.to_bytes_native_endian;spec/dfa_dense_spec.cr	ported dense native-endian serialization roundtrip coverage
src/dfa/dense.rs::func::to_owned	func	ported	src/regex/automata/dfa.cr:DFA#to_owned;spec/dfa_dense_spec.cr	ported dense owned-view alias on the port's single concrete DFA type
src/dfa/dense.rs::func::to_sparse	func	ported	src/regex/automata/sparse.cr:DFA::DFA#to_sparse;spec/dfa_sparse_spec.cr	ported dense-to-sparse conversion through the sparse wrapper surface
src/dfa/dense.rs::func::unicode_word_boundary	func	ported	src/regex/automata/config.cr:Config.unicode_word_boundary	auto-generated
src/dfa/dense.rs::func::write_to_big_endian	func	ported	src/regex/automata/dfa.cr:DFA.write_to_big_endian;spec/dfa_dense_spec.cr	ported dense big-endian buffer serialization helper with exact-byte parity coverage
src/dfa/dense.rs::func::write_to_len	func	ported	src/regex/automata/dfa.cr:DFA.write_to_len;spec/dfa_dense_spec.cr	ported dense serialized-length helper and verified it against native-endian output size
src/dfa/dense.rs::func::write_to_little_endian	func	ported	src/regex/automata/dfa.cr:DFA.write_to_little_endian;spec/dfa_dense_spec.cr	ported dense little-endian buffer serialization helper with exact-byte parity coverage
src/dfa/dense.rs::func::write_to_native_endian	func	ported	src/regex/automata/dfa.cr:DFA.write_to_native_endian;spec/dfa_dense_spec.cr	ported dense native-endian buffer serialization helper with exact-byte parity coverage and undersized-buffer error coverage
src/dfa/dense.rs::method::BuildError.is_size_limit_exceeded	method	ported	src/regex/automata/errors.cr:BuildError#is_size_limit_exceeded;spec/dfa_dense_spec.cr	ported dense build-error size-limit predicate
src/dfa/dense.rs::method::Builder.new	method	ported	src/regex/automata/dfa.cr:Builder.new;spec/dfa_dense_spec.cr	ported dense builder constructor
src/dfa/dense.rs::method::Config.new	method	ported	src/regex/automata/config.cr:Config.new;spec/dfa_dense_spec.cr	ported dense config constructor defaults
src/dfa/dense.rs::method::DFA.config	method	ported	src/regex/automata/dfa.cr:DFA.config;spec/dfa_dense_spec.cr	ported dense config convenience constructor
src/dfa/dense.rs::method::DFA.from_bytes	method	ported	src/regex/automata/dfa.cr:DFA.from_bytes;spec/dfa_dense_spec.cr	ported dense class deserializer with automatic endianness detection
src/dfa/dense.rs::method::DFA.set_prefilter	method	ported	src/regex/automata/dfa.cr:DFA#set_prefilter;spec/dfa_dense_spec.cr	ported dense prefilter mutator
src/dfa/dense.rs::method::OwnedDFA.always_match	method	intentional_divergence	src/regex/automata/dfa.cr:DFA.always_match;spec/dfa_dense_spec.cr	this port exposes a single concrete DFA type instead of Rust's borrowed/owned split, so the owned-only constructor maps to DFA.always_match
src/dfa/dense.rs::method::OwnedDFA.new	method	intentional_divergence	src/regex/automata/dfa.cr:DFA.new;spec/dfa_dense_spec.cr	this port exposes a single concrete DFA type instead of Rust's borrowed/owned split, so the owned-only constructor maps to DFA.new
src/dfa/dense.rs::struct::BuildError	struct	ported	src/regex/automata/errors.cr:BuildError	ported from Rust
src/dfa/dense.rs::struct::Builder	struct	ported	src/regex/automata/dfa.cr:Builder;spec/dfa_dense_spec.cr	dense builder construction/configuration/thompson workflows, syntax configuration, prefilter attachment, size-limit signaling, minimization, and sparse conversion are ported
src/dfa/dense.rs::struct::Config	struct	ported	src/regex/automata/config.cr:Config;spec/dfa_dense_spec.cr	core dense config setters/getters, prefilter attachment, and compile-pipeline controls are ported
src/dfa/dense.rs::struct::DFA	struct	ported	src/regex/automata/dfa.cr:DFA;spec/dfa_dense_spec.cr;spec/dfa_api_spec.cr;spec/dfa_sparse_spec.cr	core dense construction, metadata, serialization helpers, overlap APIs, prefilter aliases, minimization, wire validation, and sparse conversion are ported
src/dfa/dense.rs::test::errors_with_unicode_word_boundary	test	ported	src/regex/automata/hir_compiler.cr;src/regex/automata/nfa.cr;src/regex/automata/dfa.cr;spec/dfa_dense_spec.cr	preserved ASCII-vs-Unicode word-boundary distinction and reject Unicode boundaries unless heuristic DFA support is enabled
src/dfa/dense.rs::test::heuristic_unicode_reverse	test	ported	src/regex/automata/hir_compiler.cr;src/regex/automata/nfa.cr;src/regex/automata/dfa.cr;spec/dfa_dense_spec.cr	heuristic Unicode reverse searches now auto-quit on non-ASCII bytes while preserving reverse boundary semantics on ASCII spans
src/dfa/dense.rs::test::regression_validation_order	test	ported	covered by deserialize validation-order regression around malformed start-state IDs before universal-start computation	manual
src/dfa/dense.rs::test::roundtrip_always_match	test	ported	spec/dfa_dense_spec.cr	ported dense always-match serialization roundtrip parity spec
src/dfa/dense.rs::test::roundtrip_never_match	test	ported	spec/dfa_dense_spec.cr	ported dense never-match serialization roundtrip parity spec
src/dfa/determinize.rs::func::determinize_size_limit	func	ported	configured via dense config and enforced during DFA state construction in dfa.cr	manual
src/dfa/determinize.rs::func::dfa_size_limit	func	ported	configured via dense config and enforced on the built DFA in dfa.cr	manual
src/dfa/determinize.rs::func::match_kind	func	ported	dense builder threads match semantics through the compile pipeline in dfa.cr	manual
src/dfa/determinize.rs::func::new	func	ported	dense builder owns determinization setup directly instead of a separate determinize module	manual
src/dfa/determinize.rs::func::quit	func	ported	dense builder threads quit-byte handling through determinization in dfa.cr	manual
src/dfa/determinize.rs::func::run	func	ported	dense builder performs determinization directly in dfa.cr with parity coverage for limits and behavior	manual
src/dfa/determinize.rs::method::Config.new	method	ported	represented by dense config defaults plus compile-pipeline enforcement in dfa.cr	manual
src/dfa/minimize.rs::func::new	func	ported	minimization is exposed through Regex::Automata::DFA::Minimizer in minimize.cr	manual
src/dfa/minimize.rs::func::run	func	ported	minimization is exposed through Regex::Automata::DFA::Minimizer in minimize.cr	manual
src/dfa/minimize.rs::method::Minimizer.new	method	ported	minimization is exposed through Regex::Automata::DFA::Minimizer in minimize.cr	manual
src/dfa/onepass.rs::func::alphabet_len	func	missing	-	auto-generated
src/dfa/onepass.rs::func::always_match	func	missing	-	auto-generated
src/dfa/onepass.rs::func::build	func	missing	-	auto-generated
src/dfa/onepass.rs::func::build_from_nfa	func	missing	-	auto-generated
src/dfa/onepass.rs::func::builder	func	missing	-	auto-generated
src/dfa/onepass.rs::func::byte_classes	func	missing	-	auto-generated
src/dfa/onepass.rs::func::config	func	missing	-	auto-generated
src/dfa/onepass.rs::func::configure	func	missing	-	auto-generated
src/dfa/onepass.rs::func::create_cache	func	missing	-	auto-generated
src/dfa/onepass.rs::func::create_captures	func	missing	-	auto-generated
src/dfa/onepass.rs::func::get_byte_classes	func	missing	-	auto-generated
src/dfa/onepass.rs::func::get_config	func	missing	-	auto-generated
src/dfa/onepass.rs::func::get_match_kind	func	missing	-	auto-generated
src/dfa/onepass.rs::func::get_nfa	func	missing	-	auto-generated
src/dfa/onepass.rs::func::get_size_limit	func	missing	-	auto-generated
src/dfa/onepass.rs::func::get_starts_for_each_pattern	func	missing	-	auto-generated
src/dfa/onepass.rs::func::match_kind	func	missing	-	auto-generated
src/dfa/onepass.rs::func::memory_usage	func	missing	-	auto-generated
src/dfa/onepass.rs::func::never_match	func	missing	-	auto-generated
src/dfa/onepass.rs::func::new	func	missing	-	auto-generated
src/dfa/onepass.rs::func::new_from_nfa	func	missing	-	auto-generated
src/dfa/onepass.rs::func::pattern_len	func	missing	-	auto-generated
src/dfa/onepass.rs::func::reset	func	missing	-	auto-generated
src/dfa/onepass.rs::func::reset_cache	func	missing	-	auto-generated
src/dfa/onepass.rs::func::size_limit	func	missing	-	auto-generated
src/dfa/onepass.rs::func::starts_for_each_pattern	func	missing	-	auto-generated
src/dfa/onepass.rs::func::state_len	func	missing	-	auto-generated
src/dfa/onepass.rs::func::stride	func	missing	-	auto-generated
src/dfa/onepass.rs::func::stride2	func	missing	-	auto-generated
src/dfa/onepass.rs::func::syntax	func	missing	-	auto-generated
src/dfa/onepass.rs::func::thompson	func	missing	-	auto-generated
src/dfa/onepass.rs::func::try_search	func	missing	-	auto-generated
src/dfa/onepass.rs::func::try_search_slots	func	missing	-	auto-generated
src/dfa/onepass.rs::method::Builder.new	method	missing	-	auto-generated
src/dfa/onepass.rs::method::Cache.new	method	missing	-	auto-generated
src/dfa/onepass.rs::method::Config.new	method	missing	-	auto-generated
src/dfa/onepass.rs::method::DFA.new	method	missing	-	auto-generated
src/dfa/onepass.rs::struct::BuildError	struct	missing	-	auto-generated
src/dfa/onepass.rs::struct::Builder	struct	missing	-	auto-generated
src/dfa/onepass.rs::struct::Cache	struct	missing	-	auto-generated
src/dfa/onepass.rs::struct::Config	struct	missing	-	auto-generated
src/dfa/onepass.rs::struct::DFA	struct	missing	-	auto-generated
src/dfa/onepass.rs::test::assertions	test	missing	-	auto-generated
src/dfa/onepass.rs::test::fail_conflicting_transition	test	missing	-	auto-generated
src/dfa/onepass.rs::test::fail_multiple_epsilon	test	missing	-	auto-generated
src/dfa/onepass.rs::test::fail_multiple_match	test	missing	-	auto-generated
src/dfa/onepass.rs::test::is_not_one_pass	test	missing	-	auto-generated
src/dfa/onepass.rs::test::is_not_one_pass_bigger	test	missing	-	auto-generated
src/dfa/onepass.rs::test::is_one_pass	test	missing	-	auto-generated
src/dfa/onepass.rs::test::max_slots	test	missing	-	auto-generated
src/dfa/regex.rs::func::build	func	ported	src/regex/automata/dfa_regex.cr::RegexBuilder#build;spec/dfa_regex_spec.cr	-
src/dfa/regex.rs::func::build_sparse	func	ported	src/regex/automata/dfa_regex.cr::RegexBuilder#build_sparse;spec/dfa_regex_spec.cr	ported sparse-regex builder convenience by converting the dense forward and reverse DFAs
src/dfa/regex.rs::func::builder	func	ported	src/regex/automata/dfa_regex.cr::Regex.builder;spec/dfa_regex_spec.cr	-
src/dfa/regex.rs::func::dense	func	ported	src/regex/automata/dfa_regex.cr::RegexBuilder#dense;spec/dfa_regex_spec.cr	ported dense-builder configuration alias for the DFA regex wrapper
src/dfa/regex.rs::func::forward	func	ported	src/regex/automata/dfa_regex.cr::Regex#forward;spec/dfa_regex_spec.cr	-
src/dfa/regex.rs::func::new	func	ported	src/regex/automata/dfa_regex.cr::Regex.new;spec/dfa_regex_spec.cr	-
src/dfa/regex.rs::func::new_sparse	func	ported	src/regex/automata/dfa_regex.cr::Regex.new_sparse;spec/dfa_regex_spec.cr	ported sparse-regex convenience constructor
src/dfa/regex.rs::func::pattern_len	func	ported	src/regex/automata/dfa_regex.cr::Regex#pattern_len;spec/dfa_regex_spec.cr	-
src/dfa/regex.rs::func::reverse	func	ported	src/regex/automata/dfa_regex.cr::Regex#reverse;spec/dfa_regex_spec.cr	-
src/dfa/regex.rs::func::syntax	func	ported	src/regex/automata/dfa_regex.cr::RegexBuilder#syntax;spec/dfa_regex_spec.cr	ported syntax-configuration alias for the DFA regex wrapper
src/dfa/regex.rs::func::thompson	func	ported	src/regex/automata/dfa_regex.cr::RegexBuilder#thompson	renamed builder surface to RegexBuilder to avoid collision with DFA::Builder
src/dfa/regex.rs::func::try_search	func	ported	src/regex/automata/dfa_regex.cr::Regex#try_search;spec/dfa_regex_spec.cr	ported dense wrapper search with reverse-start recovery, ranged input support, and UTF-8-safe empty-match iteration behavior
src/dfa/regex.rs::method::Builder.new	method	ported	src/regex/automata/dfa_regex.cr::RegexBuilder#initialize	renamed Builder to RegexBuilder to avoid collision with DFA::Builder
src/dfa/regex.rs::method::Regex.builder	method	ported	src/regex/automata/dfa_regex.cr::Regex.builder;spec/dfa_regex_spec.cr	-
src/dfa/regex.rs::method::Regex.forward	method	ported	src/regex/automata/dfa_regex.cr::Regex#forward;spec/dfa_regex_spec.cr	-
src/dfa/regex.rs::method::Regex.new	method	ported	src/regex/automata/dfa_regex.cr::Regex.new;spec/dfa_regex_spec.cr	-
src/dfa/regex.rs::method::Regex.new_sparse	method	ported	src/regex/automata/dfa_regex.cr::Regex.new_sparse;spec/dfa_regex_spec.cr	ported sparse-regex class constructor
src/dfa/regex.rs::method::Regex.try_search	method	ported	src/regex/automata/dfa_regex.cr::Regex#try_search;spec/dfa_regex_spec.cr	ported dense wrapper search with reverse-start recovery, ranged input support, and UTF-8-safe empty-match iteration behavior
src/dfa/regex.rs::struct::Builder	struct	ported	src/regex/automata/dfa_regex.cr::RegexBuilder	renamed Builder to RegexBuilder to avoid collision with DFA::Builder
src/dfa/regex.rs::struct::FindMatches	struct	ported	src/regex/automata/dfa_regex.cr::Regex::FindMatches;spec/dfa_regex_spec.cr	ported non-overlapping match iterator over the shared Searcher with UTF-8-safe empty-match behavior
src/dfa/regex.rs::struct::Regex	struct	ported	src/regex/automata/dfa_regex.cr::Regex;spec/dfa_regex_spec.cr	DFA regex wrapper search and iterator behavior are ported for both dense and sparse constructor workflows
src/dfa/sparse.rs::func::always_match	func	ported	src/regex/automata/sparse.cr:Sparse::DFA.always_match;spec/dfa_sparse_spec.cr	ported sparse always-match constructor over dense-to-sparse conversion
src/dfa/sparse.rs::func::byte_classes	func	ported	src/regex/automata/sparse.cr:Sparse::DFA#byte_classes;spec/dfa_sparse_spec.cr	ported sparse byte-class metadata accessor
src/dfa/sparse.rs::func::from_bytes	func	ported	src/regex/automata/sparse.cr:Sparse::DFA.from_bytes;spec/dfa_sparse_spec.cr	ported sparse wire-format deserializer using a sparse wrapper header around dense bytes
src/dfa/sparse.rs::func::memory_usage	func	ported	src/regex/automata/sparse.cr:Sparse::DFA#memory_usage;spec/dfa_sparse_spec.cr	ported sparse memory-usage accessor based on serialized size
src/dfa/sparse.rs::func::never_match	func	ported	src/regex/automata/sparse.cr:Sparse::DFA.never_match;spec/dfa_sparse_spec.cr	ported sparse never-match constructor over dense-to-sparse conversion
src/dfa/sparse.rs::func::new	func	ported	src/regex/automata/sparse.cr:Sparse::DFA.new;spec/dfa_sparse_spec.cr	ported sparse convenience constructor via dense compilation then sparse conversion
src/dfa/sparse.rs::func::set_prefilter	func	ported	src/regex/automata/sparse.cr:Sparse::DFA#set_prefilter;spec/dfa_sparse_spec.cr	ported sparse prefilter mutator
src/dfa/sparse.rs::func::start_kind	func	ported	src/regex/automata/sparse.cr:Sparse::DFA#start_kind;spec/dfa_sparse_spec.cr	ported sparse start-kind metadata accessor
src/dfa/sparse.rs::func::starts_for_each_pattern	func	ported	src/regex/automata/sparse.cr:Sparse::DFA#starts_for_each_pattern;spec/dfa_sparse_spec.cr	ported sparse per-pattern-start metadata accessor
src/dfa/sparse.rs::func::to_bytes_big_endian	func	ported	src/regex/automata/sparse.cr:Sparse::DFA#to_bytes_big_endian;spec/dfa_sparse_spec.cr	ported sparse big-endian serialization helper
src/dfa/sparse.rs::func::to_bytes_little_endian	func	ported	src/regex/automata/sparse.cr:Sparse::DFA#to_bytes_little_endian;spec/dfa_sparse_spec.cr	ported sparse little-endian serialization helper
src/dfa/sparse.rs::func::to_bytes_native_endian	func	ported	src/regex/automata/sparse.cr:Sparse::DFA#to_bytes_native_endian;spec/dfa_sparse_spec.cr	ported sparse native-endian serialization helper
src/dfa/sparse.rs::func::to_owned	func	ported	src/regex/automata/sparse.cr:Sparse::DFA#to_owned;spec/dfa_sparse_spec.cr	ported sparse owned-view clone helper via serialization roundtrip
src/dfa/sparse.rs::func::write_to_big_endian	func	ported	src/regex/automata/sparse.cr:Sparse::DFA#write_to_big_endian;spec/dfa_sparse_spec.cr	ported sparse big-endian buffer serialization helper
src/dfa/sparse.rs::func::write_to_len	func	ported	src/regex/automata/sparse.cr:Sparse::DFA#write_to_len;spec/dfa_sparse_spec.cr	ported sparse serialized-length helper
src/dfa/sparse.rs::func::write_to_little_endian	func	ported	src/regex/automata/sparse.cr:Sparse::DFA#write_to_little_endian;spec/dfa_sparse_spec.cr	ported sparse little-endian buffer serialization helper
src/dfa/sparse.rs::func::write_to_native_endian	func	ported	src/regex/automata/sparse.cr:Sparse::DFA#write_to_native_endian;spec/dfa_sparse_spec.cr	ported sparse native-endian buffer serialization helper with undersized-buffer error coverage
src/dfa/sparse.rs::method::DFA.always_match	method	ported	src/regex/automata/sparse.cr:Sparse::DFA.always_match;spec/dfa_sparse_spec.cr	ported sparse class constructor
src/dfa/sparse.rs::method::DFA.from_bytes	method	ported	src/regex/automata/sparse.cr:Sparse::DFA.from_bytes;spec/dfa_sparse_spec.cr	ported sparse class deserializer
src/dfa/sparse.rs::method::DFA.new	method	ported	src/regex/automata/sparse.cr:Sparse::DFA.new;spec/dfa_sparse_spec.cr	ported sparse class constructor
src/dfa/sparse.rs::method::DFA.set_prefilter	method	ported	src/regex/automata/sparse.cr:Sparse::DFA#set_prefilter;spec/dfa_sparse_spec.cr	ported sparse prefilter mutator
src/dfa/sparse.rs::struct::DFA	struct	ported	src/regex/automata/sparse.cr:Sparse::DFA;spec/dfa_sparse_spec.cr	ported sparse DFA compatibility engine with build/search/serialization coverage over dense-backed conversion
src/dfa/sparse.rs::test::heuristic_unicode_forward	test	ported	spec/dfa_sparse_spec.cr	ported sparse forward heuristic Unicode quit-byte behavior through dense-to-sparse conversion
src/dfa/sparse.rs::test::heuristic_unicode_reverse	test	ported	spec/dfa_sparse_spec.cr	ported sparse reverse heuristic Unicode quit-byte behavior through dense-to-sparse conversion
src/dfa/start.rs::enum::StartKind	enum	ported	src/regex/automata/search.cr::StartKind;spec/dfa_dense_spec.cr;spec/dfa_api_spec.cr	ported dense start-kind enum with anchored, unanchored, and both modes exercised through builder and start-state specs
src/hybrid/dfa.rs::func::always_match	func	missing	-	auto-generated
src/hybrid/dfa.rs::func::build	func	missing	-	auto-generated
src/hybrid/dfa.rs::func::build_from_nfa	func	missing	-	auto-generated
src/hybrid/dfa.rs::func::builder	func	missing	-	auto-generated
src/hybrid/dfa.rs::func::byte_classes	func	missing	-	auto-generated
src/hybrid/dfa.rs::func::cache_capacity	func	missing	-	auto-generated
src/hybrid/dfa.rs::func::clear_count	func	missing	-	auto-generated
src/hybrid/dfa.rs::func::config	func	missing	-	auto-generated
src/hybrid/dfa.rs::func::configure	func	missing	-	auto-generated
src/hybrid/dfa.rs::func::create_cache	func	missing	-	auto-generated
src/hybrid/dfa.rs::func::get_byte_classes	func	missing	-	auto-generated
src/hybrid/dfa.rs::func::get_cache_capacity	func	missing	-	auto-generated
src/hybrid/dfa.rs::func::get_config	func	missing	-	auto-generated
src/hybrid/dfa.rs::func::get_match	func	missing	-	auto-generated
src/hybrid/dfa.rs::func::get_match_kind	func	missing	-	auto-generated
src/hybrid/dfa.rs::func::get_minimum_bytes_per_state	func	missing	-	auto-generated
src/hybrid/dfa.rs::func::get_minimum_cache_capacity	func	missing	-	auto-generated
src/hybrid/dfa.rs::func::get_minimum_cache_clear_count	func	missing	-	auto-generated
src/hybrid/dfa.rs::func::get_nfa	func	missing	-	auto-generated
src/hybrid/dfa.rs::func::get_prefilter	func	missing	-	auto-generated
src/hybrid/dfa.rs::func::get_quit	func	missing	-	auto-generated
src/hybrid/dfa.rs::func::get_skip_cache_capacity_check	func	missing	-	auto-generated
src/hybrid/dfa.rs::func::get_specialize_start_states	func	missing	-	auto-generated
src/hybrid/dfa.rs::func::get_starts_for_each_pattern	func	missing	-	auto-generated
src/hybrid/dfa.rs::func::get_unicode_word_boundary	func	missing	-	auto-generated
src/hybrid/dfa.rs::func::match_kind	func	missing	-	auto-generated
src/hybrid/dfa.rs::func::match_len	func	missing	-	auto-generated
src/hybrid/dfa.rs::func::match_pattern	func	missing	-	auto-generated
src/hybrid/dfa.rs::func::memory_usage	func	missing	-	auto-generated
src/hybrid/dfa.rs::func::minimum_bytes_per_state	func	missing	-	auto-generated
src/hybrid/dfa.rs::func::minimum_cache_clear_count	func	missing	-	auto-generated
src/hybrid/dfa.rs::func::never_match	func	missing	-	auto-generated
src/hybrid/dfa.rs::func::new	func	missing	-	auto-generated
src/hybrid/dfa.rs::func::next_eoi_state	func	missing	-	auto-generated
src/hybrid/dfa.rs::func::next_state	func	missing	-	auto-generated
src/hybrid/dfa.rs::func::next_state_untagged	func	missing	-	auto-generated
src/hybrid/dfa.rs::func::pattern_len	func	missing	-	auto-generated
src/hybrid/dfa.rs::func::prefilter	func	missing	-	auto-generated
src/hybrid/dfa.rs::func::quit	func	missing	-	auto-generated
src/hybrid/dfa.rs::func::reset	func	missing	-	auto-generated
src/hybrid/dfa.rs::func::reset_cache	func	missing	-	auto-generated
src/hybrid/dfa.rs::func::search_finish	func	missing	-	auto-generated
src/hybrid/dfa.rs::func::search_start	func	missing	-	auto-generated
src/hybrid/dfa.rs::func::search_total_len	func	missing	-	auto-generated
src/hybrid/dfa.rs::func::search_update	func	missing	-	auto-generated
src/hybrid/dfa.rs::func::skip_cache_capacity_check	func	missing	-	auto-generated
src/hybrid/dfa.rs::func::specialize_start_states	func	missing	-	auto-generated
src/hybrid/dfa.rs::func::start	func	missing	-	auto-generated
src/hybrid/dfa.rs::func::start_state	func	missing	-	auto-generated
src/hybrid/dfa.rs::func::start_state_forward	func	missing	-	auto-generated
src/hybrid/dfa.rs::func::start_state_reverse	func	missing	-	auto-generated
src/hybrid/dfa.rs::func::starts_for_each_pattern	func	missing	-	auto-generated
src/hybrid/dfa.rs::func::syntax	func	missing	-	auto-generated
src/hybrid/dfa.rs::func::thompson	func	missing	-	auto-generated
src/hybrid/dfa.rs::func::try_search_fwd	func	missing	-	auto-generated
src/hybrid/dfa.rs::func::try_search_overlapping_fwd	func	missing	-	auto-generated
src/hybrid/dfa.rs::func::try_search_overlapping_rev	func	missing	-	auto-generated
src/hybrid/dfa.rs::func::try_search_rev	func	missing	-	auto-generated
src/hybrid/dfa.rs::func::try_which_overlapping_matches	func	missing	-	auto-generated
src/hybrid/dfa.rs::func::unicode_word_boundary	func	missing	-	auto-generated
src/hybrid/dfa.rs::method::Builder.new	method	missing	-	auto-generated
src/hybrid/dfa.rs::method::Cache.new	method	missing	-	auto-generated
src/hybrid/dfa.rs::method::Config.new	method	missing	-	auto-generated
src/hybrid/dfa.rs::method::DFA.new	method	missing	-	auto-generated
src/hybrid/dfa.rs::method::DFA.next_state	method	missing	-	auto-generated
src/hybrid/dfa.rs::method::DFA.try_search_fwd	method	missing	-	auto-generated
src/hybrid/dfa.rs::method::OverlappingState.start	method	missing	-	auto-generated
src/hybrid/dfa.rs::struct::Builder	struct	missing	-	auto-generated
src/hybrid/dfa.rs::struct::Cache	struct	missing	-	auto-generated
src/hybrid/dfa.rs::struct::Config	struct	missing	-	auto-generated
src/hybrid/dfa.rs::struct::DFA	struct	missing	-	auto-generated
src/hybrid/dfa.rs::struct::OverlappingState	struct	missing	-	auto-generated
src/hybrid/dfa.rs::test::heuristic_unicode_reverse	test	missing	-	auto-generated
src/hybrid/error.rs::enum::StartError	enum	missing	-	auto-generated
src/hybrid/error.rs::struct::BuildError	struct	missing	-	auto-generated
src/hybrid/error.rs::struct::CacheError	struct	missing	-	auto-generated
src/hybrid/id.rs::struct::LazyStateID	struct	missing	-	auto-generated
src/hybrid/regex.rs::func::as_parts	func	missing	-	auto-generated
src/hybrid/regex.rs::func::as_parts_mut	func	missing	-	auto-generated
src/hybrid/regex.rs::func::build	func	missing	-	auto-generated
src/hybrid/regex.rs::func::build_from_dfas	func	missing	-	auto-generated
src/hybrid/regex.rs::func::builder	func	missing	-	auto-generated
src/hybrid/regex.rs::func::create_cache	func	missing	-	auto-generated
src/hybrid/regex.rs::func::dfa	func	missing	-	auto-generated
src/hybrid/regex.rs::func::forward	func	missing	-	auto-generated
src/hybrid/regex.rs::func::forward_mut	func	missing	-	auto-generated
src/hybrid/regex.rs::func::memory_usage	func	missing	-	auto-generated
src/hybrid/regex.rs::func::new	func	missing	-	auto-generated
src/hybrid/regex.rs::func::pattern_len	func	missing	-	auto-generated
src/hybrid/regex.rs::func::reset	func	missing	-	auto-generated
src/hybrid/regex.rs::func::reset_cache	func	missing	-	auto-generated
src/hybrid/regex.rs::func::reverse	func	missing	-	auto-generated
src/hybrid/regex.rs::func::reverse_mut	func	missing	-	auto-generated
src/hybrid/regex.rs::func::syntax	func	missing	-	auto-generated
src/hybrid/regex.rs::func::thompson	func	missing	-	auto-generated
src/hybrid/regex.rs::func::try_search	func	missing	-	auto-generated
src/hybrid/regex.rs::method::Builder.new	method	missing	-	auto-generated
src/hybrid/regex.rs::method::Cache.new	method	missing	-	auto-generated
src/hybrid/regex.rs::method::Regex.forward	method	missing	-	auto-generated
src/hybrid/regex.rs::method::Regex.new	method	missing	-	auto-generated
src/hybrid/regex.rs::method::Regex.try_search	method	missing	-	auto-generated
src/hybrid/regex.rs::struct::Builder	struct	missing	-	auto-generated
src/hybrid/regex.rs::struct::Cache	struct	missing	-	auto-generated
src/hybrid/regex.rs::struct::FindMatches	struct	missing	-	auto-generated
src/hybrid/regex.rs::struct::Regex	struct	missing	-	auto-generated
src/meta/error.rs::func::pattern	func	missing	-	auto-generated
src/meta/error.rs::func::size_limit	func	missing	-	auto-generated
src/meta/error.rs::func::syntax_error	func	missing	-	auto-generated
src/meta/error.rs::method::BuildError.pattern	method	missing	-	auto-generated
src/meta/error.rs::struct::BuildError	struct	missing	-	auto-generated
src/meta/regex.rs::func::auto_prefilter	func	missing	-	auto-generated
src/meta/regex.rs::func::backtrack	func	missing	-	auto-generated
src/meta/regex.rs::func::build	func	missing	-	auto-generated
src/meta/regex.rs::func::build_from_hir	func	missing	-	auto-generated
src/meta/regex.rs::func::builder	func	missing	-	auto-generated
src/meta/regex.rs::func::byte_classes	func	missing	-	auto-generated
src/meta/regex.rs::func::captures_len	func	missing	-	auto-generated
src/meta/regex.rs::func::config	func	missing	-	auto-generated
src/meta/regex.rs::func::configure	func	missing	-	auto-generated
src/meta/regex.rs::func::create_cache	func	missing	-	auto-generated
src/meta/regex.rs::func::create_captures	func	missing	-	auto-generated
src/meta/regex.rs::func::dfa	func	missing	-	auto-generated
src/meta/regex.rs::func::dfa_size_limit	func	missing	-	auto-generated
src/meta/regex.rs::func::dfa_state_limit	func	missing	-	auto-generated
src/meta/regex.rs::func::get_auto_prefilter	func	missing	-	auto-generated
src/meta/regex.rs::func::get_backtrack	func	missing	-	auto-generated
src/meta/regex.rs::func::get_byte_classes	func	missing	-	auto-generated
src/meta/regex.rs::func::get_config	func	missing	-	auto-generated
src/meta/regex.rs::func::get_dfa	func	missing	-	auto-generated
src/meta/regex.rs::func::get_dfa_size_limit	func	missing	-	auto-generated
src/meta/regex.rs::func::get_dfa_state_limit	func	missing	-	auto-generated
src/meta/regex.rs::func::get_hybrid	func	missing	-	auto-generated
src/meta/regex.rs::func::get_hybrid_cache_capacity	func	missing	-	auto-generated
src/meta/regex.rs::func::get_line_terminator	func	missing	-	auto-generated
src/meta/regex.rs::func::get_match_kind	func	missing	-	auto-generated
src/meta/regex.rs::func::get_nfa_size_limit	func	missing	-	auto-generated
src/meta/regex.rs::func::get_onepass	func	missing	-	auto-generated
src/meta/regex.rs::func::get_onepass_size_limit	func	missing	-	auto-generated
src/meta/regex.rs::func::get_prefilter	func	missing	-	auto-generated
src/meta/regex.rs::func::get_utf8_empty	func	missing	-	auto-generated
src/meta/regex.rs::func::get_which_captures	func	missing	-	auto-generated
src/meta/regex.rs::func::group_info	func	missing	-	auto-generated
src/meta/regex.rs::func::hybrid	func	missing	-	auto-generated
src/meta/regex.rs::func::hybrid_cache_capacity	func	missing	-	auto-generated
src/meta/regex.rs::func::is_accelerated	func	missing	-	auto-generated
src/meta/regex.rs::func::line_terminator	func	missing	-	auto-generated
src/meta/regex.rs::func::match_kind	func	missing	-	auto-generated
src/meta/regex.rs::func::memory_usage	func	missing	-	auto-generated
src/meta/regex.rs::func::new	func	missing	-	auto-generated
src/meta/regex.rs::func::nfa_size_limit	func	missing	-	auto-generated
src/meta/regex.rs::func::onepass	func	missing	-	auto-generated
src/meta/regex.rs::func::onepass_size_limit	func	missing	-	auto-generated
src/meta/regex.rs::func::pattern_len	func	missing	-	auto-generated
src/meta/regex.rs::func::prefilter	func	missing	-	auto-generated
src/meta/regex.rs::func::regex	func	missing	-	auto-generated
src/meta/regex.rs::func::reset	func	missing	-	auto-generated
src/meta/regex.rs::func::search	func	missing	-	auto-generated
src/meta/regex.rs::func::search_captures	func	missing	-	auto-generated
src/meta/regex.rs::func::search_captures_with	func	missing	-	auto-generated
src/meta/regex.rs::func::search_half	func	missing	-	auto-generated
src/meta/regex.rs::func::search_half_with	func	missing	-	auto-generated
src/meta/regex.rs::func::search_slots	func	missing	-	auto-generated
src/meta/regex.rs::func::search_slots_with	func	missing	-	auto-generated
src/meta/regex.rs::func::search_with	func	missing	-	auto-generated
src/meta/regex.rs::func::static_captures_len	func	missing	-	auto-generated
src/meta/regex.rs::func::syntax	func	missing	-	auto-generated
src/meta/regex.rs::func::utf8_empty	func	missing	-	auto-generated
src/meta/regex.rs::func::which_captures	func	missing	-	auto-generated
src/meta/regex.rs::func::which_overlapping_matches	func	missing	-	auto-generated
src/meta/regex.rs::func::which_overlapping_matches_with	func	missing	-	auto-generated
src/meta/regex.rs::method::Builder.new	method	missing	-	auto-generated
src/meta/regex.rs::method::Cache.new	method	missing	-	auto-generated
src/meta/regex.rs::method::CapturesMatches.regex	method	missing	-	auto-generated
src/meta/regex.rs::method::Config.new	method	missing	-	auto-generated
src/meta/regex.rs::method::FindMatches.regex	method	missing	-	auto-generated
src/meta/regex.rs::method::Regex.create_captures	method	missing	-	auto-generated
src/meta/regex.rs::method::Regex.new	method	missing	-	auto-generated
src/meta/regex.rs::method::Regex.search	method	missing	-	auto-generated
src/meta/regex.rs::method::Regex.search_with	method	missing	-	auto-generated
src/meta/regex.rs::struct::Builder	struct	missing	-	auto-generated
src/meta/regex.rs::struct::Cache	struct	missing	-	auto-generated
src/meta/regex.rs::struct::CapturesMatches	struct	missing	-	auto-generated
src/meta/regex.rs::struct::Config	struct	missing	-	auto-generated
src/meta/regex.rs::struct::FindMatches	struct	missing	-	auto-generated
src/meta/regex.rs::struct::Regex	struct	missing	-	auto-generated
src/meta/regex.rs::struct::Split	struct	missing	-	auto-generated
src/meta/regex.rs::struct::SplitN	struct	missing	-	auto-generated
src/meta/regex.rs::test::regression_suffix_literal_count	test	missing	-	auto-generated
src/nfa/thompson/backtrack.rs::func::always_match	func	missing	-	auto-generated
src/nfa/thompson/backtrack.rs::func::build	func	missing	-	auto-generated
src/nfa/thompson/backtrack.rs::func::build_from_nfa	func	missing	-	auto-generated
src/nfa/thompson/backtrack.rs::func::builder	func	missing	-	auto-generated
src/nfa/thompson/backtrack.rs::func::config	func	missing	-	auto-generated
src/nfa/thompson/backtrack.rs::func::configure	func	missing	-	auto-generated
src/nfa/thompson/backtrack.rs::func::create_cache	func	missing	-	auto-generated
src/nfa/thompson/backtrack.rs::func::create_captures	func	missing	-	auto-generated
src/nfa/thompson/backtrack.rs::func::get_config	func	missing	-	auto-generated
src/nfa/thompson/backtrack.rs::func::get_nfa	func	missing	-	auto-generated
src/nfa/thompson/backtrack.rs::func::get_prefilter	func	missing	-	auto-generated
src/nfa/thompson/backtrack.rs::func::get_visited_capacity	func	missing	-	auto-generated
src/nfa/thompson/backtrack.rs::func::max_haystack_len	func	missing	-	auto-generated
src/nfa/thompson/backtrack.rs::func::memory_usage	func	missing	-	auto-generated
src/nfa/thompson/backtrack.rs::func::min_visited_capacity	func	missing	-	auto-generated
src/nfa/thompson/backtrack.rs::func::never_match	func	missing	-	auto-generated
src/nfa/thompson/backtrack.rs::func::new	func	missing	-	auto-generated
src/nfa/thompson/backtrack.rs::func::new_from_nfa	func	missing	-	auto-generated
src/nfa/thompson/backtrack.rs::func::pattern_len	func	missing	-	auto-generated
src/nfa/thompson/backtrack.rs::func::prefilter	func	missing	-	auto-generated
src/nfa/thompson/backtrack.rs::func::reset	func	missing	-	auto-generated
src/nfa/thompson/backtrack.rs::func::reset_cache	func	missing	-	auto-generated
src/nfa/thompson/backtrack.rs::func::syntax	func	missing	-	auto-generated
src/nfa/thompson/backtrack.rs::func::thompson	func	missing	-	auto-generated
src/nfa/thompson/backtrack.rs::func::try_search	func	missing	-	auto-generated
src/nfa/thompson/backtrack.rs::func::try_search_slots	func	missing	-	auto-generated
src/nfa/thompson/backtrack.rs::func::visited_capacity	func	missing	-	auto-generated
src/nfa/thompson/backtrack.rs::method::BoundedBacktracker.new	method	missing	-	auto-generated
src/nfa/thompson/backtrack.rs::method::BoundedBacktracker.try_search	method	missing	-	auto-generated
src/nfa/thompson/backtrack.rs::method::Builder.new	method	missing	-	auto-generated
src/nfa/thompson/backtrack.rs::method::Cache.new	method	missing	-	auto-generated
src/nfa/thompson/backtrack.rs::method::Config.new	method	missing	-	auto-generated
src/nfa/thompson/backtrack.rs::struct::BoundedBacktracker	struct	missing	-	auto-generated
src/nfa/thompson/backtrack.rs::struct::Builder	struct	missing	-	auto-generated
src/nfa/thompson/backtrack.rs::struct::Cache	struct	missing	-	auto-generated
src/nfa/thompson/backtrack.rs::struct::Config	struct	missing	-	auto-generated
src/nfa/thompson/backtrack.rs::struct::TryCapturesMatches	struct	missing	-	auto-generated
src/nfa/thompson/backtrack.rs::struct::TryFindMatches	struct	missing	-	auto-generated
src/nfa/thompson/backtrack.rs::test::max_haystack_len_overflow	test	missing	-	auto-generated
src/nfa/thompson/builder.rs::func::add_capture_end	func	missing	-	auto-generated
src/nfa/thompson/builder.rs::func::add_capture_start	func	missing	-	auto-generated
src/nfa/thompson/builder.rs::func::add_empty	func	missing	-	auto-generated
src/nfa/thompson/builder.rs::func::add_fail	func	missing	-	auto-generated
src/nfa/thompson/builder.rs::func::add_look	func	missing	-	auto-generated
src/nfa/thompson/builder.rs::func::add_match	func	missing	-	auto-generated
src/nfa/thompson/builder.rs::func::add_range	func	missing	-	auto-generated
src/nfa/thompson/builder.rs::func::add_sparse	func	missing	-	auto-generated
src/nfa/thompson/builder.rs::func::add_union	func	missing	-	auto-generated
src/nfa/thompson/builder.rs::func::add_union_reverse	func	missing	-	auto-generated
src/nfa/thompson/builder.rs::func::build	func	missing	-	auto-generated
src/nfa/thompson/builder.rs::func::clear	func	missing	-	auto-generated
src/nfa/thompson/builder.rs::func::current_pattern_id	func	missing	-	auto-generated
src/nfa/thompson/builder.rs::func::finish_pattern	func	missing	-	auto-generated
src/nfa/thompson/builder.rs::func::get_look_matcher	func	missing	-	auto-generated
src/nfa/thompson/builder.rs::func::get_reverse	func	missing	-	auto-generated
src/nfa/thompson/builder.rs::func::get_size_limit	func	missing	-	auto-generated
src/nfa/thompson/builder.rs::func::get_utf8	func	missing	-	auto-generated
src/nfa/thompson/builder.rs::func::memory_usage	func	missing	-	auto-generated
src/nfa/thompson/builder.rs::func::new	func	missing	-	auto-generated
src/nfa/thompson/builder.rs::func::patch	func	missing	-	auto-generated
src/nfa/thompson/builder.rs::func::pattern_len	func	missing	-	auto-generated
src/nfa/thompson/builder.rs::func::set_look_matcher	func	missing	-	auto-generated
src/nfa/thompson/builder.rs::func::set_reverse	func	missing	-	auto-generated
src/nfa/thompson/builder.rs::func::set_size_limit	func	missing	-	auto-generated
src/nfa/thompson/builder.rs::func::set_utf8	func	missing	-	auto-generated
src/nfa/thompson/builder.rs::func::start_pattern	func	missing	-	auto-generated
src/nfa/thompson/builder.rs::method::Builder.new	method	missing	-	auto-generated
src/nfa/thompson/builder.rs::struct::Builder	struct	missing	-	auto-generated
src/nfa/thompson/builder.rs::test::state_has_small_size	test	missing	-	auto-generated
src/nfa/thompson/compiler.rs::enum::WhichCaptures	enum	missing	-	auto-generated
src/nfa/thompson/compiler.rs::func::build	func	missing	-	auto-generated
src/nfa/thompson/compiler.rs::func::build_from_hir	func	missing	-	auto-generated
src/nfa/thompson/compiler.rs::func::captures	func	missing	-	auto-generated
src/nfa/thompson/compiler.rs::func::configure	func	missing	-	auto-generated
src/nfa/thompson/compiler.rs::func::get_captures	func	missing	-	auto-generated
src/nfa/thompson/compiler.rs::func::get_look_matcher	func	missing	-	auto-generated
src/nfa/thompson/compiler.rs::func::get_nfa_size_limit	func	missing	-	auto-generated
src/nfa/thompson/compiler.rs::func::get_reverse	func	missing	-	auto-generated
src/nfa/thompson/compiler.rs::func::get_shrink	func	missing	-	auto-generated
src/nfa/thompson/compiler.rs::func::get_utf8	func	missing	-	auto-generated
src/nfa/thompson/compiler.rs::func::get_which_captures	func	missing	-	auto-generated
src/nfa/thompson/compiler.rs::func::is_any	func	missing	-	auto-generated
src/nfa/thompson/compiler.rs::func::is_none	func	missing	-	auto-generated
src/nfa/thompson/compiler.rs::func::look_matcher	func	missing	-	auto-generated
src/nfa/thompson/compiler.rs::func::new	func	missing	-	auto-generated
src/nfa/thompson/compiler.rs::func::nfa_size_limit	func	missing	-	auto-generated
src/nfa/thompson/compiler.rs::func::reverse	func	missing	-	auto-generated
src/nfa/thompson/compiler.rs::func::shrink	func	missing	-	auto-generated
src/nfa/thompson/compiler.rs::func::syntax	func	missing	-	auto-generated
src/nfa/thompson/compiler.rs::func::utf8	func	missing	-	auto-generated
src/nfa/thompson/compiler.rs::func::which_captures	func	missing	-	auto-generated
src/nfa/thompson/compiler.rs::method::Compiler.new	method	missing	-	auto-generated
src/nfa/thompson/compiler.rs::method::Config.new	method	missing	-	auto-generated
src/nfa/thompson/compiler.rs::method::WhichCaptures.is_none	method	missing	-	auto-generated
src/nfa/thompson/compiler.rs::struct::Compiler	struct	missing	-	auto-generated
src/nfa/thompson/compiler.rs::struct::Config	struct	missing	-	auto-generated
src/nfa/thompson/compiler.rs::test::compile_alternation	test	missing	-	auto-generated
src/nfa/thompson/compiler.rs::test::compile_captures_all	test	missing	-	auto-generated
src/nfa/thompson/compiler.rs::test::compile_captures_implicit	test	missing	-	auto-generated
src/nfa/thompson/compiler.rs::test::compile_captures_none	test	missing	-	auto-generated
src/nfa/thompson/compiler.rs::test::compile_class_ascii	test	missing	-	auto-generated
src/nfa/thompson/compiler.rs::test::compile_class_unicode	test	missing	-	auto-generated
src/nfa/thompson/compiler.rs::test::compile_empty	test	missing	-	auto-generated
src/nfa/thompson/compiler.rs::test::compile_group	test	missing	-	auto-generated
src/nfa/thompson/compiler.rs::test::compile_literal	test	missing	-	auto-generated
src/nfa/thompson/compiler.rs::test::compile_many_start_pattern	test	missing	-	auto-generated
src/nfa/thompson/compiler.rs::test::compile_no_reverse_unanchored_prefix_with_end_anchor	test	missing	-	auto-generated
src/nfa/thompson/compiler.rs::test::compile_no_unanchored_prefix_with_start_anchor	test	missing	-	auto-generated
src/nfa/thompson/compiler.rs::test::compile_non_binary_union	test	missing	-	auto-generated
src/nfa/thompson/compiler.rs::test::compile_repetition	test	missing	-	auto-generated
src/nfa/thompson/compiler.rs::test::compile_unanchored_prefix	test	missing	-	auto-generated
src/nfa/thompson/compiler.rs::test::compile_yes_reverse_unanchored_prefix_with_start_anchor	test	missing	-	auto-generated
src/nfa/thompson/compiler.rs::test::compile_yes_unanchored_prefix_with_end_anchor	test	missing	-	auto-generated
src/nfa/thompson/compiler.rs::test::empty_class_bytes	test	missing	-	auto-generated
src/nfa/thompson/compiler.rs::test::empty_class_unicode	test	missing	-	auto-generated
src/nfa/thompson/error.rs::func::size_limit	func	missing	-	auto-generated
src/nfa/thompson/error.rs::method::BuildError.size_limit	method	missing	-	auto-generated
src/nfa/thompson/error.rs::struct::BuildError	struct	missing	-	auto-generated
src/nfa/thompson/literal_trie.rs::test::maker	test	missing	-	auto-generated
src/nfa/thompson/literal_trie.rs::test::zap	test	missing	-	auto-generated
src/nfa/thompson/map.rs::func::clear	func	missing	-	auto-generated
src/nfa/thompson/map.rs::func::get	func	missing	-	auto-generated
src/nfa/thompson/map.rs::func::hash	func	missing	-	auto-generated
src/nfa/thompson/map.rs::func::new	func	missing	-	auto-generated
src/nfa/thompson/map.rs::func::set	func	missing	-	auto-generated
src/nfa/thompson/map.rs::method::Utf8BoundedMap.new	method	missing	-	auto-generated
src/nfa/thompson/map.rs::method::Utf8SuffixMap.new	method	missing	-	auto-generated
src/nfa/thompson/map.rs::struct::Utf8BoundedMap	struct	missing	-	auto-generated
src/nfa/thompson/map.rs::struct::Utf8SuffixKey	struct	missing	-	auto-generated
src/nfa/thompson/map.rs::struct::Utf8SuffixMap	struct	missing	-	auto-generated
src/nfa/thompson/nfa.rs::enum::State	enum	missing	-	auto-generated
src/nfa/thompson/nfa.rs::func::always_match	func	missing	-	auto-generated
src/nfa/thompson/nfa.rs::func::byte_classes	func	missing	-	auto-generated
src/nfa/thompson/nfa.rs::func::compiler	func	missing	-	auto-generated
src/nfa/thompson/nfa.rs::func::config	func	missing	-	auto-generated
src/nfa/thompson/nfa.rs::func::group_info	func	ported	spec/captures_spec.cr	multi-pattern capture slots flow through NFA group_info
src/nfa/thompson/nfa.rs::func::has_capture	func	missing	-	auto-generated
src/nfa/thompson/nfa.rs::func::has_empty	func	missing	-	auto-generated
src/nfa/thompson/nfa.rs::func::is_always_start_anchored	func	missing	-	auto-generated
src/nfa/thompson/nfa.rs::func::is_epsilon	func	missing	-	auto-generated
src/nfa/thompson/nfa.rs::func::is_reverse	func	missing	-	auto-generated
src/nfa/thompson/nfa.rs::func::is_utf8	func	missing	-	auto-generated
src/nfa/thompson/nfa.rs::func::look_matcher	func	missing	-	auto-generated
src/nfa/thompson/nfa.rs::func::look_set_any	func	missing	-	auto-generated
src/nfa/thompson/nfa.rs::func::look_set_prefix_all	func	missing	-	auto-generated
src/nfa/thompson/nfa.rs::func::look_set_prefix_any	func	missing	-	auto-generated
src/nfa/thompson/nfa.rs::func::matches	func	missing	-	auto-generated
src/nfa/thompson/nfa.rs::func::matches_byte	func	missing	-	auto-generated
src/nfa/thompson/nfa.rs::func::matches_unit	func	missing	-	auto-generated
src/nfa/thompson/nfa.rs::func::memory_usage	func	missing	-	auto-generated
src/nfa/thompson/nfa.rs::func::never_match	func	missing	-	auto-generated
src/nfa/thompson/nfa.rs::func::new	func	missing	-	auto-generated
src/nfa/thompson/nfa.rs::func::pattern_len	func	missing	-	auto-generated
src/nfa/thompson/nfa.rs::func::patterns	func	missing	-	auto-generated
src/nfa/thompson/nfa.rs::func::start_anchored	func	missing	-	auto-generated
src/nfa/thompson/nfa.rs::func::start_pattern	func	missing	-	auto-generated
src/nfa/thompson/nfa.rs::func::start_unanchored	func	missing	-	auto-generated
src/nfa/thompson/nfa.rs::func::state	func	missing	-	auto-generated
src/nfa/thompson/nfa.rs::func::states	func	missing	-	auto-generated
src/nfa/thompson/nfa.rs::method::DenseTransitions.matches	method	missing	-	auto-generated
src/nfa/thompson/nfa.rs::method::NFA.new	method	missing	-	auto-generated
src/nfa/thompson/nfa.rs::method::SparseTransitions.matches	method	missing	-	auto-generated
src/nfa/thompson/nfa.rs::method::State.is_epsilon	method	missing	-	auto-generated
src/nfa/thompson/nfa.rs::method::Transition.matches	method	missing	-	auto-generated
src/nfa/thompson/nfa.rs::struct::DenseTransitions	struct	missing	-	auto-generated
src/nfa/thompson/nfa.rs::struct::NFA	struct	missing	-	auto-generated
src/nfa/thompson/nfa.rs::struct::PatternIter	struct	missing	-	auto-generated
src/nfa/thompson/nfa.rs::struct::SparseTransitions	struct	missing	-	auto-generated
src/nfa/thompson/nfa.rs::struct::Transition	struct	missing	-	auto-generated
src/nfa/thompson/nfa.rs::test::always_match	test	missing	-	auto-generated
src/nfa/thompson/nfa.rs::test::never_match	test	missing	-	auto-generated
src/nfa/thompson/nfa.rs::test::state_has_small_size	test	missing	-	auto-generated
src/nfa/thompson/pikevm.rs::func::always_match	func	missing	-	auto-generated
src/nfa/thompson/pikevm.rs::func::build	func	missing	-	auto-generated
src/nfa/thompson/pikevm.rs::func::build_from_nfa	func	missing	-	auto-generated
src/nfa/thompson/pikevm.rs::func::builder	func	missing	-	auto-generated
src/nfa/thompson/pikevm.rs::func::config	func	missing	-	auto-generated
src/nfa/thompson/pikevm.rs::func::configure	func	missing	-	auto-generated
src/nfa/thompson/pikevm.rs::func::create_cache	func	missing	-	auto-generated
src/nfa/thompson/pikevm.rs::func::create_captures	func	missing	-	auto-generated
src/nfa/thompson/pikevm.rs::func::get_config	func	missing	-	auto-generated
src/nfa/thompson/pikevm.rs::func::get_match_kind	func	missing	-	auto-generated
src/nfa/thompson/pikevm.rs::func::get_nfa	func	missing	-	auto-generated
src/nfa/thompson/pikevm.rs::func::get_prefilter	func	missing	-	auto-generated
src/nfa/thompson/pikevm.rs::func::match_kind	func	missing	-	auto-generated
src/nfa/thompson/pikevm.rs::func::memory_usage	func	missing	-	auto-generated
src/nfa/thompson/pikevm.rs::func::never_match	func	missing	-	auto-generated
src/nfa/thompson/pikevm.rs::func::new	func	missing	-	auto-generated
src/nfa/thompson/pikevm.rs::func::new_from_nfa	func	missing	-	auto-generated
src/nfa/thompson/pikevm.rs::func::pattern_len	func	missing	-	auto-generated
src/nfa/thompson/pikevm.rs::func::prefilter	func	missing	-	auto-generated
src/nfa/thompson/pikevm.rs::func::reset	func	missing	-	auto-generated
src/nfa/thompson/pikevm.rs::func::reset_cache	func	missing	-	auto-generated
src/nfa/thompson/pikevm.rs::func::search	func	missing	-	auto-generated
src/nfa/thompson/pikevm.rs::func::search_slots	func	missing	-	auto-generated
src/nfa/thompson/pikevm.rs::func::syntax	func	missing	-	auto-generated
src/nfa/thompson/pikevm.rs::func::thompson	func	missing	-	auto-generated
src/nfa/thompson/pikevm.rs::func::which_overlapping_matches	func	missing	-	auto-generated
src/nfa/thompson/pikevm.rs::method::Builder.new	method	missing	-	auto-generated
src/nfa/thompson/pikevm.rs::method::Cache.new	method	missing	-	auto-generated
src/nfa/thompson/pikevm.rs::method::Config.new	method	missing	-	auto-generated
src/nfa/thompson/pikevm.rs::method::PikeVM.new	method	missing	-	auto-generated
src/nfa/thompson/pikevm.rs::method::PikeVM.search	method	missing	-	auto-generated
src/nfa/thompson/pikevm.rs::struct::Builder	struct	missing	-	auto-generated
src/nfa/thompson/pikevm.rs::struct::Cache	struct	missing	-	auto-generated
src/nfa/thompson/pikevm.rs::struct::CapturesMatches	struct	missing	-	auto-generated
src/nfa/thompson/pikevm.rs::struct::Config	struct	missing	-	auto-generated
src/nfa/thompson/pikevm.rs::struct::FindMatches	struct	missing	-	auto-generated
src/nfa/thompson/pikevm.rs::struct::PikeVM	struct	missing	-	auto-generated
src/nfa/thompson/range_trie.rs::func::add_empty	func	missing	-	auto-generated
src/nfa/thompson/range_trie.rs::func::clear	func	missing	-	auto-generated
src/nfa/thompson/range_trie.rs::func::insert	func	missing	-	auto-generated
src/nfa/thompson/range_trie.rs::func::new	func	missing	-	auto-generated
src/nfa/thompson/range_trie.rs::method::RangeTrie.new	method	missing	-	auto-generated
src/nfa/thompson/range_trie.rs::struct::RangeTrie	struct	missing	-	auto-generated
src/nfa/thompson/range_trie.rs::test::no_splits	test	missing	-	auto-generated
src/nfa/thompson/range_trie.rs::test::splits	test	missing	-	auto-generated
src/util/alphabet.rs::func::alphabet_len	func	missing	-	auto-generated
src/util/alphabet.rs::func::as_eoi	func	missing	-	auto-generated
src/util/alphabet.rs::func::as_u8	func	missing	-	auto-generated
src/util/alphabet.rs::func::as_usize	func	missing	-	auto-generated
src/util/alphabet.rs::func::elements	func	missing	-	auto-generated
src/util/alphabet.rs::func::empty	func	missing	-	auto-generated
src/util/alphabet.rs::func::eoi	func	missing	-	auto-generated
src/util/alphabet.rs::func::get	func	missing	-	auto-generated
src/util/alphabet.rs::func::get_by_unit	func	missing	-	auto-generated
src/util/alphabet.rs::func::is_byte	func	missing	-	auto-generated
src/util/alphabet.rs::func::is_eoi	func	missing	-	auto-generated
src/util/alphabet.rs::func::is_singleton	func	missing	-	auto-generated
src/util/alphabet.rs::func::is_word_byte	func	missing	-	auto-generated
src/util/alphabet.rs::func::iter	func	missing	-	auto-generated
src/util/alphabet.rs::func::set	func	missing	-	auto-generated
src/util/alphabet.rs::func::singletons	func	missing	-	auto-generated
src/util/alphabet.rs::func::stride2	func	missing	-	auto-generated
src/util/alphabet.rs::func::u8	func	missing	-	auto-generated
src/util/alphabet.rs::method::ByteClasses.empty	method	missing	-	auto-generated
src/util/alphabet.rs::method::Unit.u8	method	missing	-	auto-generated
src/util/alphabet.rs::struct::ByteClassElements	struct	missing	-	auto-generated
src/util/alphabet.rs::struct::ByteClassIter	struct	missing	-	auto-generated
src/util/alphabet.rs::struct::ByteClassRepresentatives	struct	missing	-	auto-generated
src/util/alphabet.rs::struct::ByteClasses	struct	missing	-	auto-generated
src/util/alphabet.rs::struct::Unit	struct	missing	-	auto-generated
src/util/alphabet.rs::test::byte_classes	test	missing	-	auto-generated
src/util/alphabet.rs::test::elements_empty	test	missing	-	auto-generated
src/util/alphabet.rs::test::elements_singletons	test	missing	-	auto-generated
src/util/alphabet.rs::test::elements_typical	test	missing	-	auto-generated
src/util/alphabet.rs::test::full_byte_classes	test	missing	-	auto-generated
src/util/alphabet.rs::test::representatives	test	missing	-	auto-generated
src/util/captures.rs::func::all	func	ported	spec/captures_spec.cr	Captures constructors and slot accounting are covered
src/util/captures.rs::func::all_group_len	func	ported	spec/captures_spec.cr	GroupInfo aggregate sizing covered
src/util/captures.rs::func::all_names	func	ported	spec/captures_spec.cr	GroupInfo iterators covered
src/util/captures.rs::func::clear	func	ported	spec/captures_spec.cr	Captures reset behavior covered
src/util/captures.rs::func::empty	func	ported	spec/captures_spec.cr	empty captures constructor covered
src/util/captures.rs::func::explicit_slot_len	func	ported	spec/captures_spec.cr	explicit slot accounting covered
src/util/captures.rs::func::get_group	func	ported	spec/captures_spec.cr	group lookup by index covered
src/util/captures.rs::func::get_group_by_name	func	ported	spec/captures_spec.cr	group lookup by name covered
src/util/captures.rs::func::get_match	func	ported	spec/captures_spec.cr	full-match lookup covered
src/util/captures.rs::func::group_info	func	ported	spec/captures_spec.cr	Captures exposes underlying GroupInfo
src/util/captures.rs::func::group_len	func	ported	spec/captures_spec.cr	group counting covered
src/util/captures.rs::func::implicit_slot_len	func	ported	spec/captures_spec.cr	implicit slot accounting covered
src/util/captures.rs::func::interpolate_bytes	func	ported	spec/captures_spec.cr	byte interpolation covered
src/util/captures.rs::func::interpolate_bytes_into	func	ported	spec/captures_spec.cr	byte interpolation append path covered
src/util/captures.rs::func::interpolate_string	func	ported	spec/captures_spec.cr	string interpolation covered
src/util/captures.rs::func::interpolate_string_into	func	ported	spec/captures_spec.cr	string interpolation append path covered
src/util/captures.rs::func::is_match	func	ported	spec/captures_spec.cr	match presence covered
src/util/captures.rs::func::iter	func	ported	spec/captures_spec.cr	capture iteration covered
src/util/captures.rs::func::matches	func	ported	spec/captures_spec.cr	matches-only captures constructor covered
src/util/captures.rs::func::memory_usage	func	ported	src/regex/automata/captures.cr	memory usage compatibility helper present
src/util/captures.rs::func::pattern	func	ported	spec/captures_spec.cr	pattern lookup covered
src/util/captures.rs::func::pattern_len	func	ported	spec/captures_spec.cr	pattern counting covered
src/util/captures.rs::func::pattern_names	func	ported	spec/captures_spec.cr	pattern-local group names covered
src/util/captures.rs::func::set_pattern	func	ported	spec/captures_spec.cr	pattern assignment covered
src/util/captures.rs::func::slot	func	ported	spec/captures_spec.cr	slot mapping covered
src/util/captures.rs::func::slot_len	func	ported	spec/captures_spec.cr	slot counting covered
src/util/captures.rs::func::slots	func	ported	spec/captures_spec.cr	slot pair mapping covered
src/util/captures.rs::func::slots_mut	func	ported	spec/captures_spec.cr	mutable slot storage covered
src/util/captures.rs::func::to_index	func	ported	spec/captures_spec.cr	name-to-index mapping covered
src/util/captures.rs::func::to_name	func	ported	spec/captures_spec.cr	index-to-name mapping covered
src/util/captures.rs::method::Captures.all	method	ported	spec/captures_spec.cr	constructor parity covered
src/util/captures.rs::method::Captures.clear	method	ported	spec/captures_spec.cr	reset parity covered
src/util/captures.rs::struct::Captures	struct	ported	spec/captures_spec.cr	capture storage type implemented
src/util/captures.rs::struct::CapturesPatternIter	struct	ported	spec/captures_spec.cr	capture iterator implemented
src/util/captures.rs::struct::GroupInfo	struct	ported	spec/captures_spec.cr	group metadata implemented
src/util/captures.rs::struct::GroupInfoAllNames	struct	ported	spec/captures_spec.cr	all-names iterator implemented
src/util/captures.rs::struct::GroupInfoError	struct	ported	spec/captures_spec.cr	group info validation errors implemented
src/util/captures.rs::struct::GroupInfoPatternNames	struct	ported	spec/captures_spec.cr	pattern-names iterator implemented
src/util/escape.rs::struct::DebugByte	struct	missing	-	auto-generated
src/util/escape.rs::struct::DebugHaystack	struct	missing	-	auto-generated
src/util/interpolate.rs::func::bytes	func	missing	-	auto-generated
src/util/interpolate.rs::func::string	func	missing	-	auto-generated
src/util/interpolate.rs::test::interpolate_string	test	missing	-	auto-generated
src/util/iter.rs::func::infallible	func	ported	src/regex/automata/search.cr;spec/searcher_spec.cr	infallible iterator adapters are present for half, match, and captures iteration
src/util/iter.rs::func::new	func	ported	src/regex/automata/search.cr::Searcher#initialize;spec/searcher_spec.cr	searcher construction semantics are covered
src/util/iter.rs::method::Searcher.new	method	ported	src/regex/automata/search.cr::Searcher#initialize;spec/searcher_spec.cr	Searcher now owns a cloned Input like upstream and preserves caller input state
src/util/iter.rs::method::TryCapturesIter.infallible	method	ported	src/regex/automata/search.cr::TryCapturesIter#infallible;spec/searcher_spec.cr	ported infallible captures iterator wrapper
src/util/iter.rs::method::TryHalfMatchesIter.infallible	method	ported	src/regex/automata/search.cr::TryHalfMatchesIter#infallible;spec/searcher_spec.cr	ported infallible half-match iterator wrapper
src/util/iter.rs::method::TryMatchesIter.infallible	method	ported	src/regex/automata/search.cr::TryMatchesIter#infallible;spec/searcher_spec.cr	ported infallible match iterator wrapper
src/util/iter.rs::struct::CapturesIter	struct	ported	src/regex/automata/search.cr::CapturesIter;spec/searcher_spec.cr	ported infallible captures iterator with cloned snapshots
src/util/iter.rs::struct::HalfMatchesIter	struct	ported	src/regex/automata/search.cr::HalfMatchesIter;spec/searcher_spec.cr	ported infallible half-match iterator
src/util/iter.rs::struct::MatchesIter	struct	ported	src/regex/automata/search.cr::MatchesIter;spec/searcher_spec.cr	ported infallible match iterator
src/util/iter.rs::struct::Searcher	struct	ported	src/regex/automata/search.cr::Searcher;spec/searcher_spec.cr	half, match, and captures iteration semantics including empty-match advancement now match the shared searcher contract
src/util/iter.rs::struct::TryCapturesIter	struct	ported	src/regex/automata/search.cr::TryCapturesIter;spec/searcher_spec.cr	ported fallible captures iterator wrapper
src/util/iter.rs::struct::TryHalfMatchesIter	struct	ported	src/regex/automata/search.cr::TryHalfMatchesIter;spec/searcher_spec.cr	ported fallible half-match iterator wrapper
src/util/iter.rs::struct::TryMatchesIter	struct	ported	src/regex/automata/search.cr::TryMatchesIter;spec/searcher_spec.cr	ported fallible match iterator wrapper
src/util/lazy.rs::func::get	func	missing	-	auto-generated
src/util/lazy.rs::method::T.get	method	missing	-	auto-generated
src/util/lazy.rs::struct::Lazy	struct	missing	-	auto-generated
src/util/lazy.rs::test::oibits	test	missing	-	auto-generated
src/util/lazy.rs::test::sync_not_send	test	missing	-	auto-generated
src/util/look.rs::enum::Look	enum	missing	-	auto-generated
src/util/look.rs::func::available	func	missing	-	auto-generated
src/util/look.rs::func::check	func	missing	-	auto-generated
src/util/look.rs::func::contains	func	missing	-	auto-generated
src/util/look.rs::func::contains_anchor	func	missing	-	auto-generated
src/util/look.rs::func::contains_anchor_crlf	func	missing	-	auto-generated
src/util/look.rs::func::contains_anchor_haystack	func	missing	-	auto-generated
src/util/look.rs::func::contains_anchor_lf	func	missing	-	auto-generated
src/util/look.rs::func::contains_anchor_line	func	missing	-	auto-generated
src/util/look.rs::func::contains_word	func	missing	-	auto-generated
src/util/look.rs::func::contains_word_ascii	func	missing	-	auto-generated
src/util/look.rs::func::contains_word_unicode	func	missing	-	auto-generated
src/util/look.rs::func::empty	func	missing	-	auto-generated
src/util/look.rs::func::full	func	missing	-	auto-generated
src/util/look.rs::func::get_line_terminator	func	missing	-	auto-generated
src/util/look.rs::func::insert	func	missing	-	auto-generated
src/util/look.rs::func::intersect	func	missing	-	auto-generated
src/util/look.rs::func::is_empty	func	missing	-	auto-generated
src/util/look.rs::func::is_end	func	missing	-	auto-generated
src/util/look.rs::func::is_end_crlf	func	missing	-	auto-generated
src/util/look.rs::func::is_end_lf	func	missing	-	auto-generated
src/util/look.rs::func::is_start	func	missing	-	auto-generated
src/util/look.rs::func::is_start_crlf	func	missing	-	auto-generated
src/util/look.rs::func::is_start_lf	func	missing	-	auto-generated
src/util/look.rs::func::is_word_ascii	func	missing	-	auto-generated
src/util/look.rs::func::is_word_ascii_negate	func	missing	-	auto-generated
src/util/look.rs::func::is_word_end_ascii	func	missing	-	auto-generated
src/util/look.rs::func::is_word_end_half_ascii	func	missing	-	auto-generated
src/util/look.rs::func::is_word_end_half_unicode	func	missing	-	auto-generated
src/util/look.rs::func::is_word_end_unicode	func	missing	-	auto-generated
src/util/look.rs::func::is_word_start_ascii	func	missing	-	auto-generated
src/util/look.rs::func::is_word_start_half_ascii	func	missing	-	auto-generated
src/util/look.rs::func::is_word_start_half_unicode	func	missing	-	auto-generated
src/util/look.rs::func::is_word_start_unicode	func	missing	-	auto-generated
src/util/look.rs::func::is_word_unicode	func	missing	-	auto-generated
src/util/look.rs::func::is_word_unicode_negate	func	missing	-	auto-generated
src/util/look.rs::func::iter	func	missing	-	auto-generated
src/util/look.rs::func::len	func	missing	-	auto-generated
src/util/look.rs::func::matches	func	missing	-	auto-generated
src/util/look.rs::func::matches_set	func	missing	-	auto-generated
src/util/look.rs::func::new	func	missing	-	auto-generated
src/util/look.rs::func::read_repr	func	missing	-	auto-generated
src/util/look.rs::func::remove	func	missing	-	auto-generated
src/util/look.rs::func::set_insert	func	missing	-	auto-generated
src/util/look.rs::func::set_intersect	func	missing	-	auto-generated
src/util/look.rs::func::set_line_terminator	func	missing	-	auto-generated
src/util/look.rs::func::set_remove	func	missing	-	auto-generated
src/util/look.rs::func::set_subtract	func	missing	-	auto-generated
src/util/look.rs::func::set_union	func	missing	-	auto-generated
src/util/look.rs::func::singleton	func	missing	-	auto-generated
src/util/look.rs::func::subtract	func	missing	-	auto-generated
src/util/look.rs::func::union	func	missing	-	auto-generated
src/util/look.rs::func::write_repr	func	missing	-	auto-generated
src/util/look.rs::method::LookMatcher.new	method	missing	-	auto-generated
src/util/look.rs::method::LookSet.empty	method	missing	-	auto-generated
src/util/look.rs::struct::LookMatcher	struct	missing	-	auto-generated
src/util/look.rs::struct::LookSet	struct	missing	-	auto-generated
src/util/look.rs::struct::LookSetIter	struct	missing	-	auto-generated
src/util/look.rs::struct::UnicodeWordBoundaryError	struct	missing	-	auto-generated
src/util/look.rs::test::look_matches_end_line	test	missing	-	auto-generated
src/util/look.rs::test::look_matches_end_text	test	missing	-	auto-generated
src/util/look.rs::test::look_matches_start_line	test	missing	-	auto-generated
src/util/look.rs::test::look_matches_start_text	test	missing	-	auto-generated
src/util/look.rs::test::look_matches_word_ascii	test	missing	-	auto-generated
src/util/look.rs::test::look_matches_word_ascii_negate	test	missing	-	auto-generated
src/util/look.rs::test::look_matches_word_end_ascii	test	missing	-	auto-generated
src/util/look.rs::test::look_matches_word_end_half_ascii	test	missing	-	auto-generated
src/util/look.rs::test::look_matches_word_end_half_unicode	test	missing	-	auto-generated
src/util/look.rs::test::look_matches_word_end_unicode	test	missing	-	auto-generated
src/util/look.rs::test::look_matches_word_start_ascii	test	missing	-	auto-generated
src/util/look.rs::test::look_matches_word_start_half_ascii	test	missing	-	auto-generated
src/util/look.rs::test::look_matches_word_start_half_unicode	test	missing	-	auto-generated
src/util/look.rs::test::look_matches_word_start_unicode	test	missing	-	auto-generated
src/util/look.rs::test::look_matches_word_unicode	test	missing	-	auto-generated
src/util/look.rs::test::look_matches_word_unicode_negate	test	missing	-	auto-generated
src/util/look.rs::test::look_set	test	missing	-	auto-generated
src/util/look.rs::test::look_set_debug	test	missing	-	auto-generated
src/util/look.rs::test::look_set_iter	test	missing	-	auto-generated
src/util/pool.rs::func::get	func	missing	-	auto-generated
src/util/pool.rs::func::new	func	missing	-	auto-generated
src/util/pool.rs::func::put	func	missing	-	auto-generated
src/util/pool.rs::method::Pool.new	method	missing	-	auto-generated
src/util/pool.rs::method::T.get	method	missing	-	auto-generated
src/util/pool.rs::method::T.put	method	missing	-	auto-generated
src/util/pool.rs::struct::Pool	struct	missing	-	auto-generated
src/util/pool.rs::struct::PoolGuard	struct	missing	-	auto-generated
src/util/pool.rs::test::oibits	test	missing	-	auto-generated
src/util/pool.rs::test::thread_owner_distinct	test	missing	-	auto-generated
src/util/pool.rs::test::thread_owner_optimization	test	missing	-	auto-generated
src/util/pool.rs::test::thread_owner_send_drop	test	missing	-	auto-generated
src/util/pool.rs::test::thread_owner_sync	test	missing	-	auto-generated
src/util/prefilter/mod.rs::func::find	func	missing	-	auto-generated
src/util/prefilter/mod.rs::func::from_hir_prefix	func	missing	-	auto-generated
src/util/prefilter/mod.rs::func::is_fast	func	missing	-	auto-generated
src/util/prefilter/mod.rs::func::max_needle_len	func	missing	-	auto-generated
src/util/prefilter/mod.rs::func::memory_usage	func	missing	-	auto-generated
src/util/prefilter/mod.rs::func::prefix	func	missing	-	auto-generated
src/util/prefilter/mod.rs::struct::Prefilter	struct	missing	-	auto-generated
src/util/primitives.rs::const::LIMIT	const	missing	-	auto-generated
src/util/primitives.rs::const::MAX	const	missing	-	auto-generated
src/util/primitives.rs::const::SIZE	const	missing	-	auto-generated
src/util/primitives.rs::const::ZERO	const	missing	-	auto-generated
src/util/primitives.rs::func::attempted	func	missing	-	auto-generated
src/util/primitives.rs::func::from_ne_bytes	func	missing	-	auto-generated
src/util/primitives.rs::func::from_ne_bytes_unchecked	func	missing	-	auto-generated
src/util/primitives.rs::func::get	func	missing	-	auto-generated
src/util/primitives.rs::func::must	func	missing	-	auto-generated
src/util/primitives.rs::func::new	func	missing	-	auto-generated
src/util/primitives.rs::func::one_more	func	missing	-	auto-generated
src/util/primitives.rs::func::to_ne_bytes	func	missing	-	auto-generated
src/util/primitives.rs::method::NonMaxUsize.new	method	missing	-	auto-generated
src/util/primitives.rs::method::SmallIndex.new	method	missing	-	auto-generated
src/util/primitives.rs::method::SmallIndexError.attempted	method	missing	-	auto-generated
src/util/primitives.rs::struct::NonMaxUsize	struct	missing	-	auto-generated
src/util/primitives.rs::struct::PatternID	struct	missing	-	auto-generated
src/util/primitives.rs::struct::SmallIndex	struct	missing	-	auto-generated
src/util/primitives.rs::struct::SmallIndexError	struct	missing	-	auto-generated
src/util/primitives.rs::struct::StateID	struct	missing	-	auto-generated
src/util/search.rs::enum::Anchored	enum	ported	src/regex/automata/search.cr:Anchored	ported from Rust
src/util/search.rs::enum::MatchErrorKind	enum	ported	src/regex/automata/errors.cr:MatchError::Kind	ported from Rust
src/util/search.rs::enum::MatchKind	enum	ported	src/regex/automata/search.cr:MatchKind;spec/search_primitives_spec.cr	ported match-kind enum and primitive semantics coverage
src/util/search.rs::func::anchored	func	ported	src/regex/automata/search.cr:Input#anchored	ported for Input; covered by spec/search_input_spec.cr
src/util/search.rs::func::capacity	func	missing	-	auto-generated
src/util/search.rs::func::clear	func	missing	-	auto-generated
src/util/search.rs::func::contains	func	missing	-	auto-generated
src/util/search.rs::func::earliest	func	ported	src/regex/automata/search.cr:Input#earliest	ported for Input; covered by spec/search_input_spec.cr
src/util/search.rs::func::end	func	ported	src/regex/automata/search.cr:Input#end	ported for Input; covered by spec/search_input_spec.cr
src/util/search.rs::func::gave_up	func	missing	-	auto-generated
src/util/search.rs::func::get_anchored	func	ported	src/regex/automata/search.cr:Input#get_anchored	ported for Input; covered by spec/search_input_spec.cr
src/util/search.rs::func::get_earliest	func	ported	src/regex/automata/search.cr:Input#get_earliest	ported for Input; covered by spec/search_input_spec.cr
src/util/search.rs::func::get_range	func	ported	src/regex/automata/search.cr:Input#get_range	ported for Input; covered by spec/search_input_spec.cr
src/util/search.rs::func::get_span	func	ported	src/regex/automata/search.cr:Input#get_span	ported for Input; covered by spec/search_input_spec.cr
src/util/search.rs::func::haystack	func	ported	src/regex/automata/search.cr:Input#haystack	ported for Input; covered by spec/search_input_spec.cr
src/util/search.rs::func::haystack_too_long	func	missing	-	auto-generated
src/util/search.rs::func::insert	func	missing	-	auto-generated
src/util/search.rs::func::is_anchored	func	ported	src/regex/automata/search.cr:Anchored#is_anchored;spec/search_primitives_spec.cr	ported anchored-mode predicate
src/util/search.rs::func::is_char_boundary	func	ported	src/regex/automata/search.cr:Input#is_char_boundary	ported for Input; covered by spec/search_input_spec.cr
src/util/search.rs::func::is_done	func	ported	src/regex/automata/search.cr:Input#is_done	ported for Input; covered by spec/search_input_spec.cr
src/util/search.rs::func::is_empty	func	ported	src/regex/automata/search.cr:Span#empty?;Match#empty?;spec/search_primitives_spec.cr	ported empty-span and empty-match predicates
src/util/search.rs::func::is_full	func	missing	-	auto-generated
src/util/search.rs::func::iter	func	missing	-	auto-generated
src/util/search.rs::func::kind	func	missing	-	auto-generated
src/util/search.rs::func::len	func	ported	src/regex/automata/search.cr:Span#length;Match#length;spec/search_primitives_spec.cr	ported primitive length helpers
src/util/search.rs::func::must	func	ported	src/regex/automata/search.cr:HalfMatch.must;Match.must;spec/search_primitives_spec.cr	ported convenience constructors
src/util/search.rs::func::new	func	ported	src/regex/automata/search.cr:Input.new	ported for Input; covered by spec/search_input_spec.cr
src/util/search.rs::func::offset	func	ported	src/regex/automata/search.cr:HalfMatch#offset;Span#offset;spec/search_primitives_spec.cr	ported offset accessors/helpers
src/util/search.rs::func::pattern	func	ported	src/regex/automata/search.cr:HalfMatch#pattern;Match#pattern;spec/search_primitives_spec.cr	ported pattern accessors
src/util/search.rs::func::quit	func	missing	-	auto-generated
src/util/search.rs::func::range	func	ported	src/regex/automata/search.cr:Input#range	ported for Input; covered by spec/search_input_spec.cr
src/util/search.rs::func::remove	func	missing	-	auto-generated
src/util/search.rs::func::set_anchored	func	ported	src/regex/automata/search.cr:Input#set_anchored	ported for Input; covered by spec/search_input_spec.cr
src/util/search.rs::func::set_earliest	func	ported	src/regex/automata/search.cr:Input#set_earliest	ported for Input; covered by spec/search_input_spec.cr
src/util/search.rs::func::set_end	func	ported	src/regex/automata/search.cr:Input#set_end	ported for Input; covered by spec/search_input_spec.cr
src/util/search.rs::func::set_start	func	ported	src/regex/automata/search.cr:Input#set_start	ported for Input; covered by spec/search_input_spec.cr
src/util/search.rs::func::span	func	ported	src/regex/automata/search.cr:Input#span	ported for Input; covered by spec/search_input_spec.cr
src/util/search.rs::func::start	func	ported	src/regex/automata/search.cr:Input#start	ported for Input; covered by spec/search_input_spec.cr
src/util/search.rs::func::try_insert	func	missing	-	auto-generated
src/util/search.rs::func::unsupported_anchored	func	missing	-	auto-generated
src/util/search.rs::method::Anchored.is_anchored	method	ported	src/regex/automata/search.cr:Anchored#is_anchored;spec/search_primitives_spec.cr	ported anchored-mode predicate
src/util/search.rs::method::HalfMatch.new	method	ported	src/regex/automata/search.cr:HalfMatch.initialize	ported from Rust
src/util/search.rs::method::MatchError.new	method	ported	src/regex/automata/errors.cr:MatchError.initialize	ported from Rust
src/util/search.rs::method::PatternSet.new	method	missing	-	auto-generated
src/util/search.rs::method::Span.range	method	ported	src/regex/automata/search.cr:Span#range	ported for Span; covered by spec/search_input_spec.cr
src/util/search.rs::struct::HalfMatch	struct	ported	src/regex/automata/search.cr:HalfMatch	ported from Rust
src/util/search.rs::struct::Input	struct	ported	src/regex/automata/search.cr:Input	ported Input configuration API; covered by spec/search_input_spec.cr
src/util/search.rs::struct::Match	struct	ported	src/regex/automata/search.cr:Match;spec/search_primitives_spec.cr	ported full-match primitive
src/util/search.rs::struct::MatchError	struct	ported	src/regex/automata/errors.cr:MatchError	ported from Rust
src/util/search.rs::struct::PatternSet	struct	missing	-	auto-generated
src/util/search.rs::struct::PatternSetInsertError	struct	missing	-	auto-generated
src/util/search.rs::struct::PatternSetIter	struct	missing	-	auto-generated
src/util/search.rs::struct::Span	struct	ported	src/regex/automata/search.cr:Span	ported as support type for Input; covered by spec/search_input_spec.cr
src/util/search.rs::test::incorrect_asref_guard	test	missing	-	auto-generated
src/util/search.rs::test::match_error_kind_size	test	missing	-	auto-generated
src/util/search.rs::test::match_error_size	test	missing	-	auto-generated
src/util/start.rs::func::anchored	func	missing	-	auto-generated
src/util/start.rs::func::from_input_forward	func	missing	-	auto-generated
src/util/start.rs::func::from_input_reverse	func	missing	-	auto-generated
src/util/start.rs::func::get_anchored	func	missing	-	auto-generated
src/util/start.rs::func::get_look_behind	func	missing	-	auto-generated
src/util/start.rs::func::look_behind	func	missing	-	auto-generated
src/util/start.rs::func::new	func	missing	-	auto-generated
src/util/start.rs::method::Config.new	method	missing	-	auto-generated
src/util/start.rs::struct::Config	struct	missing	-	auto-generated
src/util/start.rs::test::start_fwd	test	missing	-	auto-generated
src/util/start.rs::test::start_fwd_done_range	test	missing	-	auto-generated
src/util/start.rs::test::start_rev	test	missing	-	auto-generated
src/util/start.rs::test::start_rev_done_range	test	missing	-	auto-generated
src/util/syntax.rs::func::case_insensitive	func	missing	-	auto-generated
src/util/syntax.rs::func::crlf	func	missing	-	auto-generated
src/util/syntax.rs::func::dot_matches_new_line	func	missing	-	auto-generated
src/util/syntax.rs::func::get_case_insensitive	func	missing	-	auto-generated
src/util/syntax.rs::func::get_crlf	func	missing	-	auto-generated
src/util/syntax.rs::func::get_dot_matches_new_line	func	missing	-	auto-generated
src/util/syntax.rs::func::get_ignore_whitespace	func	missing	-	auto-generated
src/util/syntax.rs::func::get_line_terminator	func	missing	-	auto-generated
src/util/syntax.rs::func::get_multi_line	func	missing	-	auto-generated
src/util/syntax.rs::func::get_nest_limit	func	missing	-	auto-generated
src/util/syntax.rs::func::get_octal	func	missing	-	auto-generated
src/util/syntax.rs::func::get_swap_greed	func	missing	-	auto-generated
src/util/syntax.rs::func::get_unicode	func	missing	-	auto-generated
src/util/syntax.rs::func::get_utf8	func	missing	-	auto-generated
src/util/syntax.rs::func::ignore_whitespace	func	missing	-	auto-generated
src/util/syntax.rs::func::line_terminator	func	missing	-	auto-generated
src/util/syntax.rs::func::multi_line	func	missing	-	auto-generated
src/util/syntax.rs::func::nest_limit	func	missing	-	auto-generated
src/util/syntax.rs::func::new	func	missing	-	auto-generated
src/util/syntax.rs::func::octal	func	missing	-	auto-generated
src/util/syntax.rs::func::parse	func	missing	-	auto-generated
src/util/syntax.rs::func::parse_with	func	missing	-	auto-generated
src/util/syntax.rs::func::swap_greed	func	missing	-	auto-generated
src/util/syntax.rs::func::unicode	func	missing	-	auto-generated
src/util/syntax.rs::func::utf8	func	missing	-	auto-generated
src/util/syntax.rs::method::Config.new	method	missing	-	auto-generated
src/util/syntax.rs::struct::Config	struct	missing	-	auto-generated
src/util/unicode_data/perl_word.rs::const::PERL_WORD	const	missing	-	auto-generated
src/util/wire.rs::struct::AlignAs	struct	missing	-	auto-generated
src/util/wire.rs::struct::DeserializeError	struct	missing	-	auto-generated
src/util/wire.rs::struct::SerializeError	struct	missing	-	auto-generated
src/util/wire.rs::test::bad_label_almost_too_long	test	missing	-	auto-generated
src/util/wire.rs::test::bad_label_interior_nul	test	missing	-	auto-generated
src/util/wire.rs::test::bad_label_too_long	test	missing	-	auto-generated
src/util/wire.rs::test::labels	test	missing	-	auto-generated
src/util/wire.rs::test::padding	test	missing	-	auto-generated
tests/dfa/api.rs::test::quit_fwd	test	ported	spec/dfa_api_spec.cr:6	Implemented with forward search
tests/dfa/api.rs::test::quit_panics	test	ported	spec/dfa_api_spec.cr:74	Implemented with exception check
tests/dfa/api.rs::test::quit_rev	test	ported	spec/dfa_api_spec.cr:56	Implemented with reverse DFA and quit byte precedence fix
tests/dfa/api.rs::test::unicode_word_implicitly_works	test	ported	spec/dfa_api_spec.cr:88	Implemented with implicit Unicode word boundary enabling when all non-ASCII bytes are quit bytes
tests/dfa/api.rs::test::universal_start_search	test	ported	spec/dfa_api_spec.cr:119	Implemented with universal start state methods and is_special_state support
tests/dfa/onepass/regression.rs::test::too_many_slots_normal_pattern	test	missing	-	auto-generated
tests/dfa/onepass/regression.rs::test::zero_repetition_capture_group	test	missing	-	auto-generated
tests/dfa/onepass/suite.rs::test::default	test	missing	-	auto-generated
tests/dfa/onepass/suite.rs::test::no_byte_classes	test	missing	-	auto-generated
tests/dfa/onepass/suite.rs::test::starts_for_each_pattern	test	missing	-	auto-generated
tests/dfa/regression.rs::test::minimize_sets_correct_match_states	test	missing	-	auto-generated
tests/dfa/suite.rs::test::minimized_default	test	missing	-	auto-generated
tests/dfa/suite.rs::test::minimized_no_byte_class	test	missing	-	auto-generated
tests/dfa/suite.rs::test::serialization_unminimized_default	test	missing	-	auto-generated
tests/dfa/suite.rs::test::sparse_serialization_unminimized_default	test	missing	-	auto-generated
tests/dfa/suite.rs::test::sparse_unminimized_default	test	missing	-	auto-generated
tests/dfa/suite.rs::test::sparse_unminimized_prefilter	test	missing	-	auto-generated
tests/dfa/suite.rs::test::unminimized_default	test	missing	-	auto-generated
tests/dfa/suite.rs::test::unminimized_nfa_shrink	test	missing	-	auto-generated
tests/dfa/suite.rs::test::unminimized_no_byte_class	test	missing	-	auto-generated
tests/dfa/suite.rs::test::unminimized_prefilter	test	missing	-	auto-generated
tests/dfa/suite.rs::test::unminimized_specialized_start_states	test	missing	-	auto-generated
tests/fuzz/dense.rs::test::invalid_byte_classes	test	missing	-	auto-generated
tests/fuzz/dense.rs::test::invalid_byte_classes_min	test	missing	-	auto-generated
tests/fuzz/sparse.rs::test::eoi_transition_to_quit_state	test	missing	-	auto-generated
tests/fuzz/sparse.rs::test::invalid_accelerators	test	missing	-	auto-generated
tests/fuzz/sparse.rs::test::invalid_special_state	test	missing	-	auto-generated
tests/fuzz/sparse.rs::test::match_state_inconsistency	test	missing	-	auto-generated
tests/fuzz/sparse.rs::test::start_state_has_valid_transitions	test	missing	-	auto-generated
tests/fuzz/sparse.rs::test::start_state_is_not_match_state	test	missing	-	auto-generated
tests/fuzz/sparse.rs::test::transition_to_invalid_but_valid_state	test	missing	-	auto-generated
tests/gen/dense/mod.rs::test::multi_pattern_v2	test	missing	-	auto-generated
tests/gen/sparse/mod.rs::test::multi_pattern_v2	test	missing	-	auto-generated
tests/hybrid/api.rs::test::quit_fwd	test	missing	-	auto-generated
tests/hybrid/api.rs::test::quit_panics	test	missing	-	auto-generated
tests/hybrid/api.rs::test::quit_rev	test	missing	-	auto-generated
tests/hybrid/api.rs::test::too_many_cache_resets_cause_quit	test	missing	-	auto-generated
tests/hybrid/api.rs::test::unicode_word_implicitly_works	test	missing	-	auto-generated
tests/hybrid/suite.rs::test::default	test	missing	-	auto-generated
tests/hybrid/suite.rs::test::min_cache_capacity	test	missing	-	auto-generated
tests/hybrid/suite.rs::test::nfa_shrink	test	missing	-	auto-generated
tests/hybrid/suite.rs::test::no_byte_classes	test	missing	-	auto-generated
tests/hybrid/suite.rs::test::no_cache_clearing	test	missing	-	auto-generated
tests/hybrid/suite.rs::test::prefilter	test	missing	-	auto-generated
tests/hybrid/suite.rs::test::specialize_start_states	test	missing	-	auto-generated
tests/hybrid/suite.rs::test::starts_for_each_pattern	test	missing	-	auto-generated
tests/meta/suite.rs::test::default	test	missing	-	auto-generated
tests/meta/suite.rs::test::no_dfa	test	missing	-	auto-generated
tests/meta/suite.rs::test::no_dfa_hybrid	test	missing	-	auto-generated
tests/meta/suite.rs::test::no_dfa_hybrid_onepass	test	missing	-	auto-generated
tests/meta/suite.rs::test::no_dfa_hybrid_onepass_backtrack	test	missing	-	auto-generated
tests/nfa/thompson/backtrack/regression.rs::test::too_many_slots_normal_pattern	test	missing	-	auto-generated
tests/nfa/thompson/backtrack/suite.rs::test::default	test	missing	-	auto-generated
tests/nfa/thompson/backtrack/suite.rs::test::min_visited_capacity	test	missing	-	auto-generated
tests/nfa/thompson/backtrack/suite.rs::test::prefilter	test	missing	-	auto-generated
tests/nfa/thompson/pikevm/regression.rs::test::too_many_slots_normal_pattern	test	missing	-	auto-generated
tests/nfa/thompson/pikevm/suite.rs::test::default	test	missing	-	auto-generated
tests/nfa/thompson/pikevm/suite.rs::test::prefilter	test	missing	-	auto-generated
